plaintext,ciphertext
2add6b5e60dd43fe,8afe1ed28bbe29de
2add6b5e60dd43fd,3545d3d0e41644f9
2add6b5e60dd43fc,7e16417fd49aacf8
2add6b5e60dd43fb,6c8172d9ac4e9aa4
2add6b5e60dd43fa,0731072352646ee1
2add6b5e60dd43f9,7813fabe761890d5
2add6b5e60dd43f8,d73e6f65b4dcc12d
2add6b5e60dd43f7,5f509bfe55bb4d63
2add6b5e60dd43f6,b9bcf1f4e21d76f0
2add6b5e60dd43f5,e38ee2274bcad125
2add6b5e60dd43f4,41ebbb5dc7eb2353
2add6b5e60dd43f3,fa259b93fd3e7362
2add6b5e60dd43f2,397775672f068acd
2add6b5e60dd43f1,892d9e9fd0d637fc
2add6b5e60dd43f0,37ca5b0c63014783
2add6b5e60dd43ff,9d0dc839861de14a
2add6b5e60dd43fe,8afe1ed28bbe29de
2add6b5e60dd43fd,3545d3d0e41644f9
2add6b5e60dd43fc,7e16417fd49aacf8
2add6b5e60dd43fb,6c8172d9ac4e9aa4
2add6b5e60dd43fa,0731072352646ee1
2add6b5e60dd43f9,7813fabe761890d5
2add6b5e60dd43f8,d73e6f65b4dcc12d
2add6b5e60dd43f7,5f509bfe55bb4d63
2add6b5e60dd43f6,b9bcf1f4e21d76f0
2add6b5e60dd43f5,e38ee2274bcad125
2add6b5e60dd43f4,41ebbb5dc7eb2353
2add6b5e60dd43f3,fa259b93fd3e7362
2add6b5e60dd43f2,397775672f068acd
2add6b5e60dd43f1,892d9e9fd0d637fc
2add6b5e60dd43f0,37ca5b0c63014783
2add6b5e60dd43df,0bcd3ec5df49cf87
2add6b5e60dd43de,45e32180d19d8a9b
2add6b5e60dd43dd,43c50c3ed7a36272
2add6b5e60dd43dc,e3229e1a17e0c660
2add6b5e60dd43db,e5f2f1e36cebf0fd
2add6b5e60dd43da,ef623f2b5cf38756
2add6b5e60dd43d9,ed053064a1425797
2add6b5e60dd43d8,902b1d6cfa7710bd
2add6b5e60dd43d7,a999d552af85e179
2add6b5e60dd43d6,3304da4a222a31c7
2add6b5e60dd43d5,dc9808e936e08143
2add6b5e60dd43d4,df400133245ddc7d
2add6b5e60dd43d3,3257fb0e399c62c7
2add6b5e60dd43d2,9724082d8c7b88b6
2add6b5e60dd43d1,9d7cfbe1740680e6
2add6b5e60dd43d0,b6f494a94d31c665
2add6b5e60dd43df,0bcd3ec5df49cf87
2add6b5e60dd43de,45e32180d19d8a9b
2add6b5e60dd43dd,43c50c3ed7a36272
2add6b5e60dd43dc,e3229e1a17e0c660
2add6b5e60dd43db,e5f2f1e36cebf0fd
2add6b5e60dd43da,ef623f2b5cf38756
2add6b5e60dd43d9,ed053064a1425797
2add6b5e60dd43d8,902b1d6cfa7710bd
2add6b5e60dd43d7,a999d552af85e179
2add6b5e60dd43d6,3304da4a222a31c7
2add6b5e60dd43d5,dc9808e936e08143
2add6b5e60dd43d4,df400133245ddc7d
2add6b5e60dd43d3,3257fb0e399c62c7
2add6b5e60dd43d2,9724082d8c7b88b6
2add6b5e60dd43d1,9d7cfbe1740680e6
2add6b5e60dd43d0,b6f494a94d31c665
2add6b5e60dd43bf,eeae8fcfe21e7ba8
2add6b5e60dd43be,8571c646baf5c0d0
2add6b5e60dd43bd,47f004c4f110e6e5
2add6b5e60dd43bc,98c36850dbd9f4c9
2add6b5e60dd43bb,db0efe15128710e3
2add6b5e60dd43ba,f007e686e6d62aca
2add6b5e60dd43b9,0352e2b31627124c
2add6b5e60dd43b8,a50a9ffa070a0b0d
2add6b5e60dd43b7,48fa1d5a38146022
2add6b5e60dd43b6,60ff9a31db7c6c9f
2add6b5e60dd43b5,744aba9e0d430af0
2add6b5e60dd43b4,70849d78e103f20c
2add6b5e60dd43b3,1d8683c48ede83fe
2add6b5e60dd43b2,02549700332c964d
2add6b5e60dd43b1,42d737f57e3021f2
2add6b5e60dd43b0,41bd6661800d0329
2add6b5e60dd43bf,eeae8fcfe21e7ba8
2add6b5e60dd43be,8571c646baf5c0d0
2add6b5e60dd43bd,47f004c4f110e6e5
2add6b5e60dd43bc,98c36850dbd9f4c9
2add6b5e60dd43bb,db0efe15128710e3
2add6b5e60dd43ba,f007e686e6d62aca
2add6b5e60dd43b9,0352e2b31627124c
2add6b5e60dd43b8,a50a9ffa070a0b0d
2add6b5e60dd43b7,48fa1d5a38146022
2add6b5e60dd43b6,60ff9a31db7c6c9f
2add6b5e60dd43b5,744aba9e0d430af0
2add6b5e60dd43b4,70849d78e103f20c
2add6b5e60dd43b3,1d8683c48ede83fe
2add6b5e60dd43b2,02549700332c964d
2add6b5e60dd43b1,42d737f57e3021f2
2add6b5e60dd43b0,41bd6661800d0329
2add6b5e60dd439f,c92cb246750858e0
2add6b5e60dd439e,f123305e645f13cf
2add6b5e60dd439d,6e8309a8b263743d
2add6b5e60dd439c,9be3ee19d9c4b54b
2add6b5e60dd439b,2aa0de294bbd40c6
2add6b5e60dd439a,fd3f70659b811ac8
2add6b5e60dd4399,c685b6e92a0c869f
2add6b5e60dd4398,2e3a404f0458528b
2add6b5e60dd4397,d7fedcae0e3908df
2add6b5e60dd4396,fe3f88bdd1316d50
2add6b5e60dd4395,68eca10f1b6c5f40
2add6b5e60dd4394,884bfc66a3730746
2add6b5e60dd4393,dedcd029dae5251d
2add6b5e60dd4392,78f93e346b157c3b
2add6b5e60dd4391,d511287bf6fac4a4
2add6b5e60dd4390,b20605e4b91f3609
2add6b5e60dd439f,c92cb246750858e0
2add6b5e60dd439e,f123305e645f13cf
2add6b5e60dd439d,6e8309a8b263743d
2add6b5e60dd439c,9be3ee19d9c4b54b
2add6b5e60dd439b,2aa0de294bbd40c6
2add6b5e60dd439a,fd3f70659b811ac8
2add6b5e60dd4399,c685b6e92a0c869f
2add6b5e60dd4398,2e3a404f0458528b
2add6b5e60dd4397,d7fedcae0e3908df
2add6b5e60dd4396,fe3f88bdd1316d50
2add6b5e60dd4395,68eca10f1b6c5f40
2add6b5e60dd4394,884bfc66a3730746
2add6b5e60dd4393,dedcd029dae5251d
2add6b5e60dd4392,78f93e346b157c3b
2add6b5e60dd4391,d511287bf6fac4a4
2add6b5e60dd4390,b20605e4b91f3609
2add6b5e60dd437f,02c22b9941a16479
2add6b5e60dd437e,290040025ce7a404
2add6b5e60dd437d,64913a9e38861b1c
2add6b5e60dd437c,f8ca4cc733b3399d
2add6b5e60dd437b,9cd2a470fb67c87d
2add6b5e60dd437a,19b676156d6f0f22
2add6b5e60dd4379,88a265470143e807
2add6b5e60dd4378,7ad380be3beab4e9
2add6b5e60dd4377,b0805909dddb8f62
2add6b5e60dd4376,28fb39873bf49c1b
2add6b5e60dd4375,5e04cc9d6b44f854
2add6b5e60dd4374,48a3acf3475b618f
2add6b5e60dd4373,b95d1664e66175e6
2add6b5e60dd4372,f5fae40a0893098e
2add6b5e60dd4371,14c8da918f533c4f
2add6b5e60dd4370,644dc17776d946ed
2add6b5e60dd437f,02c22b9941a16479
2add6b5e60dd437e,290040025ce7a404
2add6b5e60dd437d,64913a9e38861b1c
2add6b5e60dd437c,f8ca4cc733b3399d
2add6b5e60dd437b,9cd2a470fb67c87d
2add6b5e60dd437a,19b676156d6f0f22
2add6b5e60dd4379,88a265470143e807
2add6b5e60dd4378,7ad380be3beab4e9
2add6b5e60dd4377,b0805909dddb8f62
2add6b5e60dd4376,28fb39873bf49c1b
2add6b5e60dd4375,5e04cc9d6b44f854
2add6b5e60dd4374,48a3acf3475b618f
2add6b5e60dd4373,b95d1664e66175e6
2add6b5e60dd4372,f5fae40a0893098e
2add6b5e60dd4371,14c8da918f533c4f
2add6b5e60dd4370,644dc17776d946ed
2add6b5e60dd435f,43865b6bb6b7351f
2add6b5e60dd435e,cf6dcd00308f8d43
2add6b5e60dd435d,f6a43f81475ca1ce
2add6b5e60dd435c,f81853ba8143a6f1
2add6b5e60dd435b,abb60a23c7fbf4c1
2add6b5e60dd435a,dab0a6d976d6b6e3
2add6b5e60dd4359,7a88cf09b861e0a0
2add6b5e60dd4358,017e72d43227edd1
2add6b5e60dd4357,a336d6aae014e28f
2add6b5e60dd4356,454025d2d6538f19
2add6b5e60dd4355,f35bb4e651df0549
2add6b5e60dd4354,32c1af92f7483d6c
2add6b5e60dd4353,732430ab301b5539
2add6b5e60dd4352,8a0f7545e1404939
2add6b5e60dd4351,39cd53b1503b7192
2add6b5e60dd4350,ec60a65675601707
2add6b5e60dd435f,43865b6bb6b7351f
2add6b5e60dd435e,cf6dcd00308f8d43
2add6b5e60dd435d,f6a43f81475ca1ce
2add6b5e60dd435c,f81853ba8143a6f1
2add6b5e60dd435b,abb60a23c7fbf4c1
2add6b5e60dd435a,dab0a6d976d6b6e3
2add6b5e60dd4359,7a88cf09b861e0a0
2add6b5e60dd4358,017e72d43227edd1
2add6b5e60dd4357,a336d6aae014e28f
2add6b5e60dd4356,454025d2d6538f19
2add6b5e60dd4355,f35bb4e651df0549
2add6b5e60dd4354,32c1af92f7483d6c
2add6b5e60dd4353,732430ab301b5539
2add6b5e60dd4352,8a0f7545e1404939
2add6b5e60dd4351,39cd53b1503b7192
2add6b5e60dd4350,ec60a65675601707
2add6b5e60dd433f,403e39a1b00480db
2add6b5e60dd433e,eb274328f067b3ab
2add6b5e60dd433d,a524242e4314eb5d
2add6b5e60dd433c,fc771bc65c19f700
2add6b5e60dd433b,2e83fcc0d87b76bb
2add6b5e60dd433a,330233921c2f1392
2add6b5e60dd4339,a2990106c7f1a2b0
2add6b5e60dd4338,ad476019d4e3d19a
2add6b5e60dd4337,6b9f7a877bd8906c
2add6b5e60dd4336,c50131f58539b065
2add6b5e60dd4335,4d83f98a540ed96d
2add6b5e60dd4334,73b43c0b2ec3dbbe
2add6b5e60dd4333,c40b54cddf6d7a3e
2add6b5e60dd4332,7a5d1b012a3dba16
2add6b5e60dd4331,4e41cbc0e219db44
2add6b5e60dd4330,39daae8e67f477c9
2add6b5e60dd433f,403e39a1b00480db
2add6b5e60dd433e,eb274328f067b3ab
2add6b5e60dd433d,a524242e4314eb5d
2add6b5e60dd433c,fc771bc65c19f700
2add6b5e60dd433b,2e83fcc0d87b76bb
2add6b5e60dd433a,330233921c2f1392
2add6b5e60dd4339,a2990106c7f1a2b0
2add6b5e60dd4338,ad476019d4e3d19a
2add6b5e60dd4337,6b9f7a877bd8906c
2add6b5e60dd4336,c50131f58539b065
2add6b5e60dd4335,4d83f98a540ed96d
2add6b5e60dd4334,73b43c0b2ec3dbbe
2add6b5e60dd4333,c40b54cddf6d7a3e
2add6b5e60dd4332,7a5d1b012a3dba16
2add6b5e60dd4331,4e41cbc0e219db44
2add6b5e60dd4330,39daae8e67f477c9
2add6b5e60dd431f,af012df901482737
2add6b5e60dd431e,b13e1b535f2dc9d6
2add6b5e60dd431d,6b96ad9b1793bb3d
2add6b5e60dd431c,b69cf18c9af204ae
2add6b5e60dd431b,b82f6eca5d91b473
2add6b5e60dd431a,e478288d06732e7d
2add6b5e60dd4319,d650a04f367bd872
2add6b5e60dd4318,8b5ea2985f4db548
2add6b5e60dd4317,0cc9ff49948dfa63
2add6b5e60dd4316,44524bf6312e3bdb
2add6b5e60dd4315,050c074723703419
2add6b5e60dd4314,caeb3d387bfbeabf
2add6b5e60dd4313,d4f18f9dedacf75c
2add6b5e60dd4312,a8d6a1d68d7add3b
2add6b5e60dd4311,306731dfa93da8b8
2add6b5e60dd4310,476f3e990e734775
2add6b5e60dd431f,af012df901482737
2add6b5e60dd431e,b13e1b535f2dc9d6
2add6b5e60dd431d,6b96ad9b1793bb3d
2add6b5e60dd431c,b69cf18c9af204ae
2add6b5e60dd431b,b82f6eca5d91b473
2add6b5e60dd431a,e478288d06732e7d
2add6b5e60dd4319,d650a04f367bd872
2add6b5e60dd4318,8b5ea2985f4db548
2add6b5e60dd4317,0cc9ff49948dfa63
2add6b5e60dd4316,44524bf6312e3bdb
2add6b5e60dd4315,050c074723703419
2add6b5e60dd4314,caeb3d387bfbeabf
2add6b5e60dd4313,d4f18f9dedacf75c
2add6b5e60dd4312,a8d6a1d68d7add3b
2add6b5e60dd4311,306731dfa93da8b8
2add6b5e60dd4310,476f3e990e734775
2add6b5e60dd42ff,24be13aac9fe97a1
2add6b5e60dd42fe,2fe1e49d6470a48b
2add6b5e60dd42fd,d544ce0b908535c2
2add6b5e60dd42fc,2008bc622d511d12
2add6b5e60dd42fb,b1c691d8742008c6
2add6b5e60dd42fa,495476ab9e08476e
2add6b5e60dd42f9,2c7b45c1a7248b9c
2add6b5e60dd42f8,af72471c3e4e3e8d
2add6b5e60dd42f7,ea68a42c574a9915
2add6b5e60dd42f6,5c00e15c281d0b7a
2add6b5e60dd42f5,a97285fa87daae16
2add6b5e60dd42f4,63a0b66ef4e9b16c
2add6b5e60dd42f3,378ee73eb7b1a884
2add6b5e60dd42f2,26c62bbda358b09b
2add6b5e60dd42f1,49e08385a2b5fbe3
2add6b5e60dd42f0,4c8f1007e133c9ab
2add6b5e60dd42ff,24be13aac9fe97a1
2add6b5e60dd42fe,2fe1e49d6470a48b
2add6b5e60dd42fd,d544ce0b908535c2
2add6b5e60dd42fc,2008bc622d511d12
2add6b5e60dd42fb,b1c691d8742008c6
2add6b5e60dd42fa,495476ab9e08476e
2add6b5e60dd42f9,2c7b45c1a7248b9c
2add6b5e60dd42f8,af72471c3e4e3e8d
2add6b5e60dd42f7,ea68a42c574a9915
2add6b5e60dd42f6,5c00e15c281d0b7a
2add6b5e60dd42f5,a97285fa87daae16
2add6b5e60dd42f4,63a0b66ef4e9b16c
2add6b5e60dd42f3,378ee73eb7b1a884
2add6b5e60dd42f2,26c62bbda358b09b
2add6b5e60dd42f1,49e08385a2b5fbe3
2add6b5e60dd42f0,4c8f1007e133c9ab
2add6b5e60dd42df,3789cfaa37679282
2add6b5e60dd42de,3aee2c0c23eb752b
2add6b5e60dd42dd,4bf77a105c8bf604
2add6b5e60dd42dc,8ab17e6327b31d83
2add6b5e60dd42db,29edb86980c70849
2add6b5e60dd42da,71107f9fcb38a667
2add6b5e60dd42d9,b2136a4bd7c88684
2add6b5e60dd42d8,b5d20305ec322a80
2add6b5e60dd42d7,d543b4acfbec6745
2add6b5e60dd42d6,2fb96bad9620b03c
2add6b5e60dd42d5,fe310b11b5905244
2add6b5e60dd42d4,a5448de2d6515623
2add6b5e60dd42d3,ed230848b43c2d23
2add6b5e60dd42d2,4a73e5bd915932fc
2add6b5e60dd42d1,11e4dc2a354a2f4a
2add6b5e60dd42d0,3b290cc37bff3e54
2add6b5e60dd42df,3789cfaa37679282
2add6b5e60dd42de,3aee2c0c23eb752b
2add6b5e60dd42dd,4bf77a105c8bf604
2add6b5e60dd42dc,8ab17e6327b31d83
2add6b5e60dd42db,29edb86980c70849
2add6b5e60dd42da,71107f9fcb38a667
2add6b5e60dd42d9,b2136a4bd7c88684
2add6b5e60dd42d8,b5d20305ec322a80
2add6b5e60dd42d7,d543b4acfbec6745
2add6b5e60dd42d6,2fb96bad9620b03c
2add6b5e60dd42d5,fe310b11b5905244
2add6b5e60dd42d4,a5448de2d6515623
2add6b5e60dd42d3,ed230848b43c2d23
2add6b5e60dd42d2,4a73e5bd915932fc
2add6b5e60dd42d1,11e4dc2a354a2f4a
2add6b5e60dd42d0,3b290cc37bff3e54
2add6b5e60dd42bf,b27761b5cf136715
2add6b5e60dd42be,9b79267603df73a0
2add6b5e60dd42bd,78e7752e9e9313f6
2add6b5e60dd42bc,1674a1cae8fc5152
2add6b5e60dd42bb,ee1f68d1a16f01e5
2add6b5e60dd42ba,a2365cbbdef3daae
2add6b5e60dd42b9,e828d9f189a0e1a9
2add6b5e60dd42b8,e1d3ea678c66bc56
2add6b5e60dd42b7,557fc2d968d92d63
2add6b5e60dd42b6,548e2c1d568006d7
2add6b5e60dd42b5,c4bd4083eb424027
2add6b5e60dd42b4,ed22f59c483e5b64
2add6b5e60dd42b3,760215c098dc8577
2add6b5e60dd42b2,08c01884055f5d43
2add6b5e60dd42b1,856683d9f366f508
2add6b5e60dd42b0,4310a7f7e5868cc9
2add6b5e60dd42bf,b27761b5cf136715
2add6b5e60dd42be,9b79267603df73a0
2add6b5e60dd42bd,78e7752e9e9313f6
2add6b5e60dd42bc,1674a1cae8fc5152
2add6b5e60dd42bb,ee1f68d1a16f01e5
2add6b5e60dd42ba,a2365cbbdef3daae
2add6b5e60dd42b9,e828d9f189a0e1a9
2add6b5e60dd42b8,e1d3ea678c66bc56
2add6b5e60dd42b7,557fc2d968d92d63
2add6b5e60dd42b6,548e2c1d568006d7
2add6b5e60dd42b5,c4bd4083eb424027
2add6b5e60dd42b4,ed22f59c483e5b64
2add6b5e60dd42b3,760215c098dc8577
2add6b5e60dd42b2,08c01884055f5d43
2add6b5e60dd42b1,856683d9f366f508
2add6b5e60dd42b0,4310a7f7e5868cc9
2add6b5e60dd429f,525ae15940c66177
2add6b5e60dd429e,96bdaad9a8f4a012
2add6b5e60dd429d,e69013cb35a032f3
2add6b5e60dd429c,58f0c8c2aadb4e7c
2add6b5e60dd429b,54bada5f60716516
2add6b5e60dd429a,ec7c63a40d4a9425
2add6b5e60dd4299,4504915781da0bd2
2add6b5e60dd4298,2af0c5b6a7048322
2add6b5e60dd4297,c54c6fd7fc17ea04
2add6b5e60dd4296,4cdcaa5346e4ec05
2add6b5e60dd4295,a85781cdbd54b28d
2add6b5e60dd4294,5a086624ad0dddc3
2add6b5e60dd4293,dc88edaf4992abd3
2add6b5e60dd4292,184999bb7bf4babc
2add6b5e60dd4291,65a52c64e18b2d90
2add6b5e60dd4290,0133e12f01af838d
2add6b5e60dd429f,525ae15940c66177
2add6b5e60dd429e,96bdaad9a8f4a012
2add6b5e60dd429d,e69013cb35a032f3
2add6b5e60dd429c,58f0c8c2aadb4e7c
2add6b5e60dd429b,54bada5f60716516
2add6b5e60dd429a,ec7c63a40d4a9425
2add6b5e60dd4299,4504915781da0bd2
2add6b5e60dd4298,2af0c5b6a7048322
2add6b5e60dd4297,c54c6fd7fc17ea04
2add6b5e60dd4296,4cdcaa5346e4ec05
2add6b5e60dd4295,a85781cdbd54b28d
2add6b5e60dd4294,5a086624ad0dddc3
2add6b5e60dd4293,dc88edaf4992abd3
2add6b5e60dd4292,184999bb7bf4babc
2add6b5e60dd4291,65a52c64e18b2d90
2add6b5e60dd4290,0133e12f01af838d
2add6b5e60dd427f,62f81229682ac41b
2add6b5e60dd427e,7d5394a881b61fc5
2add6b5e60dd427d,b6b37f7dfbe0aaac
2add6b5e60dd427c,68ed1b59ec276927
2add6b5e60dd427b,826da24ee8062658
2add6b5e60dd427a,994dc0fa8e23a751
2add6b5e60dd4279,ea8a7de1b9d0e4ad
2add6b5e60dd4278,ef6c8da75bdc0289
2add6b5e60dd4277,9ab2e739873cfe63
2add6b5e60dd4276,2c3543d42c3a63f3
2add6b5e60dd4275,b158e5755bab175f
2add6b5e60dd4274,c4e4c8af932e12c5
2add6b5e60dd4273,1bbc7b26e955ce91
2add6b5e60dd4272,99782accb02ef88e
2add6b5e60dd4271,932c3adcf54cc585
2add6b5e60dd4270,fe7af64e20246c1a
2add6b5e60dd427f,62f81229682ac41b
2add6b5e60dd427e,7d5394a881b61fc5
2add6b5e60dd427d,b6b37f7dfbe0aaac
2add6b5e60dd427c,68ed1b59ec276927
2add6b5e60dd427b,826da24ee8062658
2add6b5e60dd427a,994dc0fa8e23a751
2add6b5e60dd4279,ea8a7de1b9d0e4ad
2add6b5e60dd4278,ef6c8da75bdc0289
2add6b5e60dd4277,9ab2e739873cfe63
2add6b5e60dd4276,2c3543d42c3a63f3
2add6b5e60dd4275,b158e5755bab175f
2add6b5e60dd4274,c4e4c8af932e12c5
2add6b5e60dd4273,1bbc7b26e955ce91
2add6b5e60dd4272,99782accb02ef88e
2add6b5e60dd4271,932c3adcf54cc585
2add6b5e60dd4270,fe7af64e20246c1a
2add6b5e60dd425f,02e2668b66a22385
2add6b5e60dd425e,2eea2018d59272e3
2add6b5e60dd425d,66ea165e85ae55f9
2add6b5e60dd425c,1a156e28ec91ed91
2add6b5e60dd425b,287f93785d9c8cd5
2add6b5e60dd425a,0369d0ec0044c84d
2add6b5e60dd4259,8c3984723719545f
2add6b5e60dd4258,ee4552aaac0ce060
2add6b5e60dd4257,6120becb9e9b0205
2add6b5e60dd4256,2e1ef86bc68af7ad
2add6b5e60dd4255,63a21879a477b6cf
2add6b5e60dd4254,8acbed0199678413
2add6b5e60dd4253,60d0b00212dd3877
2add6b5e60dd4252,40820cce4fb6813c
2add6b5e60dd4251,82e5a8fc0a96c8f0
2add6b5e60dd4250,563a71d72a53c032
2add6b5e60dd425f,02e2668b66a22385
2add6b5e60dd425e,2eea2018d59272e3
2add6b5e60dd425d,66ea165e85ae55f9
2add6b5e60dd425c,1a156e28ec91ed91
2add6b5e60dd425b,287f93785d9c8cd5
2add6b5e60dd425a,0369d0ec0044c84d
2add6b5e60dd4259,8c3984723719545f
2add6b5e60dd4258,ee4552aaac0ce060
2add6b5e60dd4257,6120becb9e9b0205
2add6b5e60dd4256,2e1ef86bc68af7ad
2add6b5e60dd4255,63a21879a477b6cf
2add6b5e60dd4254,8acbed0199678413
2add6b5e60dd4253,60d0b00212dd3877
2add6b5e60dd4252,40820cce4fb6813c
2add6b5e60dd4251,82e5a8fc0a96c8f0
2add6b5e60dd4250,563a71d72a53c032
2add6b5e60dd423f,50b5445e83bd931b
2add6b5e60dd423e,0e39fe200b838e40
2add6b5e60dd423d,be91726ecf450660
2add6b5e60dd423c,32fab8fab521f5e8
2add6b5e60dd423b,6853d118a233729c
2add6b5e60dd423a,d9dd0a346a30313d
2add6b5e60dd4239,97d1af985bc01022
2add6b5e60dd4238,fbab3760ae3ec874
2add6b5e60dd4237,4fcca6b2d89256f7
2add6b5e60dd4236,22430b4dc30a0ba4
2add6b5e60dd4235,da292d5a2a615e1d
2add6b5e60dd4234,2dd3b2224d67fefc
2add6b5e60dd4233,1bfdd20ea8b8691b
2add6b5e60dd4232,a1b61900cd3dcf6a
2add6b5e60dd4231,08334409caa84d5f
2add6b5e60dd4230,53dca7bc485fd286
2add6b5e60dd423f,50b5445e83bd931b
2add6b5e60dd423e,0e39fe200b838e40
2add6b5e60dd423d,be91726ecf450660
2add6b5e60dd423c,32fab8fab521f5e8
2add6b5e60dd423b,6853d118a233729c
2add6b5e60dd423a,d9dd0a346a30313d
2add6b5e60dd4239,97d1af985bc01022
2add6b5e60dd4238,fbab3760ae3ec874
2add6b5e60dd4237,4fcca6b2d89256f7
2add6b5e60dd4236,22430b4dc30a0ba4
2add6b5e60dd4235,da292d5a2a615e1d
2add6b5e60dd4234,2dd3b2224d67fefc
2add6b5e60dd4233,1bfdd20ea8b8691b
2add6b5e60dd4232,a1b61900cd3dcf6a
2add6b5e60dd4231,08334409caa84d5f
2add6b5e60dd4230,53dca7bc485fd286
2add6b5e60dd421f,595c7e5566fc3e88
2add6b5e60dd421e,19e49d920027a848
2add6b5e60dd421d,e35e16526b384f99
2add6b5e60dd421c,786ef169208916a2
2add6b5e60dd421b,6137d8156bb59acd
2add6b5e60dd421a,813cd24b17c7ca6b
2add6b5e60dd4219,2ca633b6e36c6363
2add6b5e60dd4218,9dca6643b3af3f03
2add6b5e60dd4217,63910485c50297c7
2add6b5e60dd4216,f5ab295165f0f0c5
2add6b5e60dd4215,376d74600e5c42fe
2add6b5e60dd4214,24813fbfbb0644cd
2add6b5e60dd4213,8f1c2f807c0c23a8
2add6b5e60dd4212,2fb25f3387e59f96
2add6b5e60dd4211,ea534a7ccfa0d19b
2add6b5e60dd4210,b97e06afaae8cd51
2add6b5e60dd421f,595c7e5566fc3e88
2add6b5e60dd421e,19e49d920027a848
2add6b5e60dd421d,e35e16526b384f99
2add6b5e60dd421c,786ef169208916a2
2add6b5e60dd421b,6137d8156bb59acd
2add6b5e60dd421a,813cd24b17c7ca6b
2add6b5e60dd4219,2ca633b6e36c6363
2add6b5e60dd4218,9dca6643b3af3f03
2add6b5e60dd4217,63910485c50297c7
2add6b5e60dd4216,f5ab295165f0f0c5
2add6b5e60dd4215,376d74600e5c42fe
2add6b5e60dd4214,24813fbfbb0644cd
2add6b5e60dd4213,8f1c2f807c0c23a8
2add6b5e60dd4212,2fb25f3387e59f96
2add6b5e60dd4211,ea534a7ccfa0d19b
2add6b5e60dd4210,b97e06afaae8cd51
2add6b5e60dd43ff,9d0dc839861de14a
2add6b5e60dd43fe,8afe1ed28bbe29de
2add6b5e60dd43fd,3545d3d0e41644f9
2add6b5e60dd43fc,7e16417fd49aacf8
2add6b5e60dd43fb,6c8172d9ac4e9aa4
2add6b5e60dd43fa,0731072352646ee1
2add6b5e60dd43f9,7813fabe761890d5
2add6b5e60dd43f8,d73e6f65b4dcc12d
2add6b5e60dd43f7,5f509bfe55bb4d63
2add6b5e60dd43f6,b9bcf1f4e21d76f0
2add6b5e60dd43f5,e38ee2274bcad125
2add6b5e60dd43f4,41ebbb5dc7eb2353
2add6b5e60dd43f3,fa259b93fd3e7362
2add6b5e60dd43f2,397775672f068acd
2add6b5e60dd43f1,892d9e9fd0d637fc
2add6b5e60dd43f0,37ca5b0c63014783
2add6b5e60dd43ff,9d0dc839861de14a
2add6b5e60dd43fe,8afe1ed28bbe29de
2add6b5e60dd43fd,3545d3d0e41644f9
2add6b5e60dd43fc,7e16417fd49aacf8
2add6b5e60dd43fb,6c8172d9ac4e9aa4
2add6b5e60dd43fa,0731072352646ee1
2add6b5e60dd43f9,7813fabe761890d5
2add6b5e60dd43f8,d73e6f65b4dcc12d
2add6b5e60dd43f7,5f509bfe55bb4d63
2add6b5e60dd43f6,b9bcf1f4e21d76f0
2add6b5e60dd43f5,e38ee2274bcad125
2add6b5e60dd43f4,41ebbb5dc7eb2353
2add6b5e60dd43f3,fa259b93fd3e7362
2add6b5e60dd43f2,397775672f068acd
2add6b5e60dd43f1,892d9e9fd0d637fc
2add6b5e60dd43f0,37ca5b0c63014783
2add6b5e60dd43df,0bcd3ec5df49cf87
2add6b5e60dd43de,45e32180d19d8a9b
2add6b5e60dd43dd,43c50c3ed7a36272
2add6b5e60dd43dc,e3229e1a17e0c660
2add6b5e60dd43db,e5f2f1e36cebf0fd
2add6b5e60dd43da,ef623f2b5cf38756
2add6b5e60dd43d9,ed053064a1425797
2add6b5e60dd43d8,902b1d6cfa7710bd
2add6b5e60dd43d7,a999d552af85e179
2add6b5e60dd43d6,3304da4a222a31c7
2add6b5e60dd43d5,dc9808e936e08143
2add6b5e60dd43d4,df400133245ddc7d
2add6b5e60dd43d3,3257fb0e399c62c7
2add6b5e60dd43d2,9724082d8c7b88b6
2add6b5e60dd43d1,9d7cfbe1740680e6
2add6b5e60dd43d0,b6f494a94d31c665
2add6b5e60dd43df,0bcd3ec5df49cf87
2add6b5e60dd43de,45e32180d19d8a9b
2add6b5e60dd43dd,43c50c3ed7a36272
2add6b5e60dd43dc,e3229e1a17e0c660
2add6b5e60dd43db,e5f2f1e36cebf0fd
2add6b5e60dd43da,ef623f2b5cf38756
2add6b5e60dd43d9,ed053064a1425797
2add6b5e60dd43d8,902b1d6cfa7710bd
2add6b5e60dd43d7,a999d552af85e179
2add6b5e60dd43d6,3304da4a222a31c7
2add6b5e60dd43d5,dc9808e936e08143
2add6b5e60dd43d4,df400133245ddc7d
2add6b5e60dd43d3,3257fb0e399c62c7
2add6b5e60dd43d2,9724082d8c7b88b6
2add6b5e60dd43d1,9d7cfbe1740680e6
2add6b5e60dd43d0,b6f494a94d31c665
2add6b5e60dd43bf,eeae8fcfe21e7ba8
2add6b5e60dd43be,8571c646baf5c0d0
2add6b5e60dd43bd,47f004c4f110e6e5
2add6b5e60dd43bc,98c36850dbd9f4c9
2add6b5e60dd43bb,db0efe15128710e3
2add6b5e60dd43ba,f007e686e6d62aca
2add6b5e60dd43b9,0352e2b31627124c
2add6b5e60dd43b8,a50a9ffa070a0b0d
2add6b5e60dd43b7,48fa1d5a38146022
2add6b5e60dd43b6,60ff9a31db7c6c9f
2add6b5e60dd43b5,744aba9e0d430af0
2add6b5e60dd43b4,70849d78e103f20c
2add6b5e60dd43b3,1d8683c48ede83fe
2add6b5e60dd43b2,02549700332c964d
2add6b5e60dd43b1,42d737f57e3021f2
2add6b5e60dd43b0,41bd6661800d0329
2add6b5e60dd43bf,eeae8fcfe21e7ba8
2add6b5e60dd43be,8571c646baf5c0d0
2add6b5e60dd43bd,47f004c4f110e6e5
2add6b5e60dd43bc,98c36850dbd9f4c9
2add6b5e60dd43bb,db0efe15128710e3
2add6b5e60dd43ba,f007e686e6d62aca
2add6b5e60dd43b9,0352e2b31627124c
2add6b5e60dd43b8,a50a9ffa070a0b0d
2add6b5e60dd43b7,48fa1d5a38146022
2add6b5e60dd43b6,60ff9a31db7c6c9f
2add6b5e60dd43b5,744aba9e0d430af0
2add6b5e60dd43b4,70849d78e103f20c
2add6b5e60dd43b3,1d8683c48ede83fe
2add6b5e60dd43b2,02549700332c964d
2add6b5e60dd43b1,42d737f57e3021f2
2add6b5e60dd43b0,41bd6661800d0329
2add6b5e60dd439f,c92cb246750858e0
2add6b5e60dd439e,f123305e645f13cf
2add6b5e60dd439d,6e8309a8b263743d
2add6b5e60dd439c,9be3ee19d9c4b54b
2add6b5e60dd439b,2aa0de294bbd40c6
2add6b5e60dd439a,fd3f70659b811ac8
2add6b5e60dd4399,c685b6e92a0c869f
2add6b5e60dd4398,2e3a404f0458528b
2add6b5e60dd4397,d7fedcae0e3908df
2add6b5e60dd4396,fe3f88bdd1316d50
2add6b5e60dd4395,68eca10f1b6c5f40
2add6b5e60dd4394,884bfc66a3730746
2add6b5e60dd4393,dedcd029dae5251d
2add6b5e60dd4392,78f93e346b157c3b
2add6b5e60dd4391,d511287bf6fac4a4
2add6b5e60dd4390,b20605e4b91f3609
2add6b5e60dd439f,c92cb246750858e0
2add6b5e60dd439e,f123305e645f13cf
2add6b5e60dd439d,6e8309a8b263743d
2add6b5e60dd439c,9be3ee19d9c4b54b
2add6b5e60dd439b,2aa0de294bbd40c6
2add6b5e60dd439a,fd3f70659b811ac8
2add6b5e60dd4399,c685b6e92a0c869f
2add6b5e60dd4398,2e3a404f0458528b
2add6b5e60dd4397,d7fedcae0e3908df
2add6b5e60dd4396,fe3f88bdd1316d50
2add6b5e60dd4395,68eca10f1b6c5f40
2add6b5e60dd4394,884bfc66a3730746
2add6b5e60dd4393,dedcd029dae5251d
2add6b5e60dd4392,78f93e346b157c3b
2add6b5e60dd4391,d511287bf6fac4a4
2add6b5e60dd4390,b20605e4b91f3609
2add6b5e60dd437f,02c22b9941a16479
2add6b5e60dd437e,290040025ce7a404
2add6b5e60dd437d,64913a9e38861b1c
2add6b5e60dd437c,f8ca4cc733b3399d
2add6b5e60dd437b,9cd2a470fb67c87d
2add6b5e60dd437a,19b676156d6f0f22
2add6b5e60dd4379,88a265470143e807
2add6b5e60dd4378,7ad380be3beab4e9
2add6b5e60dd4377,b0805909dddb8f62
2add6b5e60dd4376,28fb39873bf49c1b
2add6b5e60dd4375,5e04cc9d6b44f854
2add6b5e60dd4374,48a3acf3475b618f
2add6b5e60dd4373,b95d1664e66175e6
2add6b5e60dd4372,f5fae40a0893098e
2add6b5e60dd4371,14c8da918f533c4f
2add6b5e60dd4370,644dc17776d946ed
2add6b5e60dd437f,02c22b9941a16479
2add6b5e60dd437e,290040025ce7a404
2add6b5e60dd437d,64913a9e38861b1c
2add6b5e60dd437c,f8ca4cc733b3399d
2add6b5e60dd437b,9cd2a470fb67c87d
2add6b5e60dd437a,19b676156d6f0f22
2add6b5e60dd4379,88a265470143e807
2add6b5e60dd4378,7ad380be3beab4e9
2add6b5e60dd4377,b0805909dddb8f62
2add6b5e60dd4376,28fb39873bf49c1b
2add6b5e60dd4375,5e04cc9d6b44f854
2add6b5e60dd4374,48a3acf3475b618f
2add6b5e60dd4373,b95d1664e66175e6
2add6b5e60dd4372,f5fae40a0893098e
2add6b5e60dd4371,14c8da918f533c4f
2add6b5e60dd4370,644dc17776d946ed
2add6b5e60dd435f,43865b6bb6b7351f
2add6b5e60dd435e,cf6dcd00308f8d43
2add6b5e60dd435d,f6a43f81475ca1ce
2add6b5e60dd435c,f81853ba8143a6f1
2add6b5e60dd435b,abb60a23c7fbf4c1
2add6b5e60dd435a,dab0a6d976d6b6e3
2add6b5e60dd4359,7a88cf09b861e0a0
2add6b5e60dd4358,017e72d43227edd1
2add6b5e60dd4357,a336d6aae014e28f
2add6b5e60dd4356,454025d2d6538f19
2add6b5e60dd4355,f35bb4e651df0549
2add6b5e60dd4354,32c1af92f7483d6c
2add6b5e60dd4353,732430ab301b5539
2add6b5e60dd4352,8a0f7545e1404939
2add6b5e60dd4351,39cd53b1503b7192
2add6b5e60dd4350,ec60a65675601707
2add6b5e60dd435f,43865b6bb6b7351f
2add6b5e60dd435e,cf6dcd00308f8d43
2add6b5e60dd435d,f6a43f81475ca1ce
2add6b5e60dd435c,f81853ba8143a6f1
2add6b5e60dd435b,abb60a23c7fbf4c1
2add6b5e60dd435a,dab0a6d976d6b6e3
2add6b5e60dd4359,7a88cf09b861e0a0
2add6b5e60dd4358,017e72d43227edd1
2add6b5e60dd4357,a336d6aae014e28f
2add6b5e60dd4356,454025d2d6538f19
2add6b5e60dd4355,f35bb4e651df0549
2add6b5e60dd4354,32c1af92f7483d6c
2add6b5e60dd4353,732430ab301b5539
2add6b5e60dd4352,8a0f7545e1404939
2add6b5e60dd4351,39cd53b1503b7192
2add6b5e60dd4350,ec60a65675601707
2add6b5e60dd433f,403e39a1b00480db
2add6b5e60dd433e,eb274328f067b3ab
2add6b5e60dd433d,a524242e4314eb5d
2add6b5e60dd433c,fc771bc65c19f700
2add6b5e60dd433b,2e83fcc0d87b76bb
2add6b5e60dd433a,330233921c2f1392
2add6b5e60dd4339,a2990106c7f1a2b0
2add6b5e60dd4338,ad476019d4e3d19a
2add6b5e60dd4337,6b9f7a877bd8906c
2add6b5e60dd4336,c50131f58539b065
2add6b5e60dd4335,4d83f98a540ed96d
2add6b5e60dd4334,73b43c0b2ec3dbbe
2add6b5e60dd4333,c40b54cddf6d7a3e
2add6b5e60dd4332,7a5d1b012a3dba16
2add6b5e60dd4331,4e41cbc0e219db44
2add6b5e60dd4330,39daae8e67f477c9
2add6b5e60dd433f,403e39a1b00480db
2add6b5e60dd433e,eb274328f067b3ab
2add6b5e60dd433d,a524242e4314eb5d
2add6b5e60dd433c,fc771bc65c19f700
2add6b5e60dd433b,2e83fcc0d87b76bb
2add6b5e60dd433a,330233921c2f1392
2add6b5e60dd4339,a2990106c7f1a2b0
2add6b5e60dd4338,ad476019d4e3d19a
2add6b5e60dd4337,6b9f7a877bd8906c
2add6b5e60dd4336,c50131f58539b065
2add6b5e60dd4335,4d83f98a540ed96d
2add6b5e60dd4334,73b43c0b2ec3dbbe
2add6b5e60dd4333,c40b54cddf6d7a3e
2add6b5e60dd4332,7a5d1b012a3dba16
2add6b5e60dd4331,4e41cbc0e219db44
2add6b5e60dd4330,39daae8e67f477c9
2add6b5e60dd431f,af012df901482737
2add6b5e60dd431e,b13e1b535f2dc9d6
2add6b5e60dd431d,6b96ad9b1793bb3d
2add6b5e60dd431c,b69cf18c9af204ae
2add6b5e60dd431b,b82f6eca5d91b473
2add6b5e60dd431a,e478288d06732e7d
2add6b5e60dd4319,d650a04f367bd872
2add6b5e60dd4318,8b5ea2985f4db548
2add6b5e60dd4317,0cc9ff49948dfa63
2add6b5e60dd4316,44524bf6312e3bdb
2add6b5e60dd4315,050c074723703419
2add6b5e60dd4314,caeb3d387bfbeabf
2add6b5e60dd4313,d4f18f9dedacf75c
2add6b5e60dd4312,a8d6a1d68d7add3b
2add6b5e60dd4311,306731dfa93da8b8
2add6b5e60dd4310,476f3e990e734775
2add6b5e60dd431f,af012df901482737
2add6b5e60dd431e,b13e1b535f2dc9d6
2add6b5e60dd431d,6b96ad9b1793bb3d
2add6b5e60dd431c,b69cf18c9af204ae
2add6b5e60dd431b,b82f6eca5d91b473
2add6b5e60dd431a,e478288d06732e7d
2add6b5e60dd4319,d650a04f367bd872
2add6b5e60dd4318,8b5ea2985f4db548
2add6b5e60dd4317,0cc9ff49948dfa63
2add6b5e60dd4316,44524bf6312e3bdb
2add6b5e60dd4315,050c074723703419
2add6b5e60dd4314,caeb3d387bfbeabf
2add6b5e60dd4313,d4f18f9dedacf75c
2add6b5e60dd4312,a8d6a1d68d7add3b
2add6b5e60dd4311,306731dfa93da8b8
2add6b5e60dd4310,476f3e990e734775
2add6b5e60dd42ff,24be13aac9fe97a1
2add6b5e60dd42fe,2fe1e49d6470a48b
2add6b5e60dd42fd,d544ce0b908535c2
2add6b5e60dd42fc,2008bc622d511d12
2add6b5e60dd42fb,b1c691d8742008c6
2add6b5e60dd42fa,495476ab9e08476e
2add6b5e60dd42f9,2c7b45c1a7248b9c
2add6b5e60dd42f8,af72471c3e4e3e8d
2add6b5e60dd42f7,ea68a42c574a9915
2add6b5e60dd42f6,5c00e15c281d0b7a
2add6b5e60dd42f5,a97285fa87daae16
2add6b5e60dd42f4,63a0b66ef4e9b16c
2add6b5e60dd42f3,378ee73eb7b1a884
2add6b5e60dd42f2,26c62bbda358b09b
2add6b5e60dd42f1,49e08385a2b5fbe3
2add6b5e60dd42f0,4c8f1007e133c9ab
2add6b5e60dd42ff,24be13aac9fe97a1
2add6b5e60dd42fe,2fe1e49d6470a48b
2add6b5e60dd42fd,d544ce0b908535c2
2add6b5e60dd42fc,2008bc622d511d12
2add6b5e60dd42fb,b1c691d8742008c6
2add6b5e60dd42fa,495476ab9e08476e
2add6b5e60dd42f9,2c7b45c1a7248b9c
2add6b5e60dd42f8,af72471c3e4e3e8d
2add6b5e60dd42f7,ea68a42c574a9915
2add6b5e60dd42f6,5c00e15c281d0b7a
2add6b5e60dd42f5,a97285fa87daae16
2add6b5e60dd42f4,63a0b66ef4e9b16c
2add6b5e60dd42f3,378ee73eb7b1a884
2add6b5e60dd42f2,26c62bbda358b09b
2add6b5e60dd42f1,49e08385a2b5fbe3
2add6b5e60dd42f0,4c8f1007e133c9ab
2add6b5e60dd42df,3789cfaa37679282
2add6b5e60dd42de,3aee2c0c23eb752b
2add6b5e60dd42dd,4bf77a105c8bf604
2add6b5e60dd42dc,8ab17e6327b31d83
2add6b5e60dd42db,29edb86980c70849
2add6b5e60dd42da,71107f9fcb38a667
2add6b5e60dd42d9,b2136a4bd7c88684
2add6b5e60dd42d8,b5d20305ec322a80
2add6b5e60dd42d7,d543b4acfbec6745
2add6b5e60dd42d6,2fb96bad9620b03c
2add6b5e60dd42d5,fe310b11b5905244
2add6b5e60dd42d4,a5448de2d6515623
2add6b5e60dd42d3,ed230848b43c2d23
2add6b5e60dd42d2,4a73e5bd915932fc
2add6b5e60dd42d1,11e4dc2a354a2f4a
2add6b5e60dd42d0,3b290cc37bff3e54
2add6b5e60dd42df,3789cfaa37679282
2add6b5e60dd42de,3aee2c0c23eb752b
2add6b5e60dd42dd,4bf77a105c8bf604
2add6b5e60dd42dc,8ab17e6327b31d83
2add6b5e60dd42db,29edb86980c70849
2add6b5e60dd42da,71107f9fcb38a667
2add6b5e60dd42d9,b2136a4bd7c88684
2add6b5e60dd42d8,b5d20305ec322a80
2add6b5e60dd42d7,d543b4acfbec6745
2add6b5e60dd42d6,2fb96bad9620b03c
2add6b5e60dd42d5,fe310b11b5905244
2add6b5e60dd42d4,a5448de2d6515623
2add6b5e60dd42d3,ed230848b43c2d23
2add6b5e60dd42d2,4a73e5bd915932fc
2add6b5e60dd42d1,11e4dc2a354a2f4a
2add6b5e60dd42d0,3b290cc37bff3e54
2add6b5e60dd42bf,b27761b5cf136715
2add6b5e60dd42be,9b79267603df73a0
2add6b5e60dd42bd,78e7752e9e9313f6
2add6b5e60dd42bc,1674a1cae8fc5152
2add6b5e60dd42bb,ee1f68d1a16f01e5
2add6b5e60dd42ba,a2365cbbdef3daae
2add6b5e60dd42b9,e828d9f189a0e1a9
2add6b5e60dd42b8,e1d3ea678c66bc56
2add6b5e60dd42b7,557fc2d968d92d63
2add6b5e60dd42b6,548e2c1d568006d7
2add6b5e60dd42b5,c4bd4083eb424027
2add6b5e60dd42b4,ed22f59c483e5b64
2add6b5e60dd42b3,760215c098dc8577
2add6b5e60dd42b2,08c01884055f5d43
2add6b5e60dd42b1,856683d9f366f508
2add6b5e60dd42b0,4310a7f7e5868cc9
2add6b5e60dd42bf,b27761b5cf136715
2add6b5e60dd42be,9b79267603df73a0
2add6b5e60dd42bd,78e7752e9e9313f6
2add6b5e60dd42bc,1674a1cae8fc5152
2add6b5e60dd42bb,ee1f68d1a16f01e5
2add6b5e60dd42ba,a2365cbbdef3daae
2add6b5e60dd42b9,e828d9f189a0e1a9
2add6b5e60dd42b8,e1d3ea678c66bc56
2add6b5e60dd42b7,557fc2d968d92d63
2add6b5e60dd42b6,548e2c1d568006d7
2add6b5e60dd42b5,c4bd4083eb424027
2add6b5e60dd42b4,ed22f59c483e5b64
2add6b5e60dd42b3,760215c098dc8577
2add6b5e60dd42b2,08c01884055f5d43
2add6b5e60dd42b1,856683d9f366f508
2add6b5e60dd42b0,4310a7f7e5868cc9
2add6b5e60dd429f,525ae15940c66177
2add6b5e60dd429e,96bdaad9a8f4a012
2add6b5e60dd429d,e69013cb35a032f3
2add6b5e60dd429c,58f0c8c2aadb4e7c
2add6b5e60dd429b,54bada5f60716516
2add6b5e60dd429a,ec7c63a40d4a9425
2add6b5e60dd4299,4504915781da0bd2
2add6b5e60dd4298,2af0c5b6a7048322
2add6b5e60dd4297,c54c6fd7fc17ea04
2add6b5e60dd4296,4cdcaa5346e4ec05
2add6b5e60dd4295,a85781cdbd54b28d
2add6b5e60dd4294,5a086624ad0dddc3
2add6b5e60dd4293,dc88edaf4992abd3
2add6b5e60dd4292,184999bb7bf4babc
2add6b5e60dd4291,65a52c64e18b2d90
2add6b5e60dd4290,0133e12f01af838d
2add6b5e60dd429f,525ae15940c66177
2add6b5e60dd429e,96bdaad9a8f4a012
2add6b5e60dd429d,e69013cb35a032f3
2add6b5e60dd429c,58f0c8c2aadb4e7c
2add6b5e60dd429b,54bada5f60716516
2add6b5e60dd429a,ec7c63a40d4a9425
2add6b5e60dd4299,4504915781da0bd2
2add6b5e60dd4298,2af0c5b6a7048322
2add6b5e60dd4297,c54c6fd7fc17ea04
2add6b5e60dd4296,4cdcaa5346e4ec05
2add6b5e60dd4295,a85781cdbd54b28d
2add6b5e60dd4294,5a086624ad0dddc3
2add6b5e60dd4293,dc88edaf4992abd3
2add6b5e60dd4292,184999bb7bf4babc
2add6b5e60dd4291,65a52c64e18b2d90
2add6b5e60dd4290,0133e12f01af838d
2add6b5e60dd427f,62f81229682ac41b
2add6b5e60dd427e,7d5394a881b61fc5
2add6b5e60dd427d,b6b37f7dfbe0aaac
2add6b5e60dd427c,68ed1b59ec276927
2add6b5e60dd427b,826da24ee8062658
2add6b5e60dd427a,994dc0fa8e23a751
2add6b5e60dd4279,ea8a7de1b9d0e4ad
2add6b5e60dd4278,ef6c8da75bdc0289
2add6b5e60dd4277,9ab2e739873cfe63
2add6b5e60dd4276,2c3543d42c3a63f3
2add6b5e60dd4275,b158e5755bab175f
2add6b5e60dd4274,c4e4c8af932e12c5
2add6b5e60dd4273,1bbc7b26e955ce91
2add6b5e60dd4272,99782accb02ef88e
2add6b5e60dd4271,932c3adcf54cc585
2add6b5e60dd4270,fe7af64e20246c1a
2add6b5e60dd427f,62f81229682ac41b
2add6b5e60dd427e,7d5394a881b61fc5
2add6b5e60dd427d,b6b37f7dfbe0aaac
2add6b5e60dd427c,68ed1b59ec276927
2add6b5e60dd427b,826da24ee8062658
2add6b5e60dd427a,994dc0fa8e23a751
2add6b5e60dd4279,ea8a7de1b9d0e4ad
2add6b5e60dd4278,ef6c8da75bdc0289
2add6b5e60dd4277,9ab2e739873cfe63
2add6b5e60dd4276,2c3543d42c3a63f3
2add6b5e60dd4275,b158e5755bab175f
2add6b5e60dd4274,c4e4c8af932e12c5
2add6b5e60dd4273,1bbc7b26e955ce91
2add6b5e60dd4272,99782accb02ef88e
2add6b5e60dd4271,932c3adcf54cc585
2add6b5e60dd4270,fe7af64e20246c1a
2add6b5e60dd425f,02e2668b66a22385
2add6b5e60dd425e,2eea2018d59272e3
2add6b5e60dd425d,66ea165e85ae55f9
2add6b5e60dd425c,1a156e28ec91ed91
2add6b5e60dd425b,287f93785d9c8cd5
2add6b5e60dd425a,0369d0ec0044c84d
2add6b5e60dd4259,8c3984723719545f
2add6b5e60dd4258,ee4552aaac0ce060
2add6b5e60dd4257,6120becb9e9b0205
2add6b5e60dd4256,2e1ef86bc68af7ad
2add6b5e60dd4255,63a21879a477b6cf
2add6b5e60dd4254,8acbed0199678413
2add6b5e60dd4253,60d0b00212dd3877
2add6b5e60dd4252,40820cce4fb6813c
2add6b5e60dd4251,82e5a8fc0a96c8f0
2add6b5e60dd4250,563a71d72a53c032
2add6b5e60dd425f,02e2668b66a22385
2add6b5e60dd425e,2eea2018d59272e3
2add6b5e60dd425d,66ea165e85ae55f9
2add6b5e60dd425c,1a156e28ec91ed91
2add6b5e60dd425b,287f93785d9c8cd5
2add6b5e60dd425a,0369d0ec0044c84d
2add6b5e60dd4259,8c3984723719545f
2add6b5e60dd4258,ee4552aaac0ce060
2add6b5e60dd4257,6120becb9e9b0205
2add6b5e60dd4256,2e1ef86bc68af7ad
2add6b5e60dd4255,63a21879a477b6cf
2add6b5e60dd4254,8acbed0199678413
2add6b5e60dd4253,60d0b00212dd3877
2add6b5e60dd4252,40820cce4fb6813c
2add6b5e60dd4251,82e5a8fc0a96c8f0
2add6b5e60dd4250,563a71d72a53c032
2add6b5e60dd423f,50b5445e83bd931b
2add6b5e60dd423e,0e39fe200b838e40
2add6b5e60dd423d,be91726ecf450660
2add6b5e60dd423c,32fab8fab521f5e8
2add6b5e60dd423b,6853d118a233729c
2add6b5e60dd423a,d9dd0a346a30313d
2add6b5e60dd4239,97d1af985bc01022
2add6b5e60dd4238,fbab3760ae3ec874
2add6b5e60dd4237,4fcca6b2d89256f7
2add6b5e60dd4236,22430b4dc30a0ba4
2add6b5e60dd4235,da292d5a2a615e1d
2add6b5e60dd4234,2dd3b2224d67fefc
2add6b5e60dd4233,1bfdd20ea8b8691b
2add6b5e60dd4232,a1b61900cd3dcf6a
2add6b5e60dd4231,08334409caa84d5f
2add6b5e60dd4230,53dca7bc485fd286
2add6b5e60dd423f,50b5445e83bd931b
2add6b5e60dd423e,0e39fe200b838e40
2add6b5e60dd423d,be91726ecf450660
2add6b5e60dd423c,32fab8fab521f5e8
2add6b5e60dd423b,6853d118a233729c
2add6b5e60dd423a,d9dd0a346a30313d
2add6b5e60dd4239,97d1af985bc01022
2add6b5e60dd4238,fbab3760ae3ec874
2add6b5e60dd4237,4fcca6b2d89256f7
2add6b5e60dd4236,22430b4dc30a0ba4
2add6b5e60dd4235,da292d5a2a615e1d
2add6b5e60dd4234,2dd3b2224d67fefc
2add6b5e60dd4233,1bfdd20ea8b8691b
2add6b5e60dd4232,a1b61900cd3dcf6a
2add6b5e60dd4231,08334409caa84d5f
2add6b5e60dd4230,53dca7bc485fd286
2add6b5e60dd421f,595c7e5566fc3e88
2add6b5e60dd421e,19e49d920027a848
2add6b5e60dd421d,e35e16526b384f99
2add6b5e60dd421c,786ef169208916a2
2add6b5e60dd421b,6137d8156bb59acd
2add6b5e60dd421a,813cd24b17c7ca6b
2add6b5e60dd4219,2ca633b6e36c6363
2add6b5e60dd4218,9dca6643b3af3f03
2add6b5e60dd4217,63910485c50297c7
2add6b5e60dd4216,f5ab295165f0f0c5
2add6b5e60dd4215,376d74600e5c42fe
2add6b5e60dd4214,24813fbfbb0644cd
2add6b5e60dd4213,8f1c2f807c0c23a8
2add6b5e60dd4212,2fb25f3387e59f96
2add6b5e60dd4211,ea534a7ccfa0d19b
2add6b5e60dd4210,b97e06afaae8cd51
2add6b5e60dd421f,595c7e5566fc3e88
2add6b5e60dd421e,19e49d920027a848
2add6b5e60dd421d,e35e16526b384f99
2add6b5e60dd421c,786ef169208916a2
2add6b5e60dd421b,6137d8156bb59acd
2add6b5e60dd421a,813cd24b17c7ca6b
2add6b5e60dd4219,2ca633b6e36c6363
2add6b5e60dd4218,9dca6643b3af3f03
2add6b5e60dd4217,63910485c50297c7
2add6b5e60dd4216,f5ab295165f0f0c5
2add6b5e60dd4215,376d74600e5c42fe
2add6b5e60dd4214,24813fbfbb0644cd
2add6b5e60dd4213,8f1c2f807c0c23a8
2add6b5e60dd4212,2fb25f3387e59f96
2add6b5e60dd4211,ea534a7ccfa0d19b
2add6b5e60dd4210,b97e06afaae8cd51
2add6b5e60dd2fff,6ea8dfe9871b0c5f
2add6b5e60dd2ffe,0ab5120b48e4ac39
2add6b5e60dd2ffd,f528b48cf5a883e5
2add6b5e60dd2ffc,980f77ad21443cda
2add6b5e60dd2ffb,63be3e9a480962a0
2add6b5e60dd2ffa,3d31d9d0a20e2b4e
2add6b5e60dd2ff9,ddec61609c4072b9
2add6b5e60dd2ff8,bd7c8f11364aed3c
2add6b5e60dd2ff7,d2c7707b63af7193
2add6b5e60dd2ff6,cfd1e71c5fb0e3a0
2add6b5e60dd2ff5,8f8ac39ea69b5526
2add6b5e60dd2ff4,9a7a8fbc4237351e
2add6b5e60dd2ff3,9adb2a5781823d19
2add6b5e60dd2ff2,87e76365e5572f20
2add6b5e60dd2ff1,31adf87b09effd95
2add6b5e60dd2ff0,b20d0f0ad621521d
2add6b5e60dd2fff,6ea8dfe9871b0c5f
2add6b5e60dd2ffe,0ab5120b48e4ac39
2add6b5e60dd2ffd,f528b48cf5a883e5
2add6b5e60dd2ffc,980f77ad21443cda
2add6b5e60dd2ffb,63be3e9a480962a0
2add6b5e60dd2ffa,3d31d9d0a20e2b4e
2add6b5e60dd2ff9,ddec61609c4072b9
2add6b5e60dd2ff8,bd7c8f11364aed3c
2add6b5e60dd2ff7,d2c7707b63af7193
2add6b5e60dd2ff6,cfd1e71c5fb0e3a0
2add6b5e60dd2ff5,8f8ac39ea69b5526
2add6b5e60dd2ff4,9a7a8fbc4237351e
2add6b5e60dd2ff3,9adb2a5781823d19
2add6b5e60dd2ff2,87e76365e5572f20
2add6b5e60dd2ff1,31adf87b09effd95
2add6b5e60dd2ff0,b20d0f0ad621521d
2add6b5e60dd2fdf,7c7e941e48f18f12
2add6b5e60dd2fde,ef35975cf8f2ac89
2add6b5e60dd2fdd,c9f9b5ab4fefdd76
2add6b5e60dd2fdc,c7329da9c8a2b33a
2add6b5e60dd2fdb,bc28313755cd6b39
2add6b5e60dd2fda,24a9397b820e2060
2add6b5e60dd2fd9,be9ef3badf82cdf4
2add6b5e60dd2fd8,37c1d93b245c1f4f
2add6b5e60dd2fd7,ae6002a637ec0394
2add6b5e60dd2fd6,f68db880a908fcc3
2add6b5e60dd2fd5,ff43df4212c8f18c
2add6b5e60dd2fd4,5e612e20b7da04ee
2add6b5e60dd2fd3,ef35b9a1d36a987f
2add6b5e60dd2fd2,912a30eb7046c500
2add6b5e60dd2fd1,f36a8af559381a5e
2add6b5e60dd2fd0,250cbf282e336245
2add6b5e60dd2fdf,7c7e941e48f18f12
2add6b5e60dd2fde,ef35975cf8f2ac89
2add6b5e60dd2fdd,c9f9b5ab4fefdd76
2add6b5e60dd2fdc,c7329da9c8a2b33a
2add6b5e60dd2fdb,bc28313755cd6b39
2add6b5e60dd2fda,24a9397b820e2060
2add6b5e60dd2fd9,be9ef3badf82cdf4
2add6b5e60dd2fd8,37c1d93b245c1f4f
2add6b5e60dd2fd7,ae6002a637ec0394
2add6b5e60dd2fd6,f68db880a908fcc3
2add6b5e60dd2fd5,ff43df4212c8f18c
2add6b5e60dd2fd4,5e612e20b7da04ee
2add6b5e60dd2fd3,ef35b9a1d36a987f
2add6b5e60dd2fd2,912a30eb7046c500
2add6b5e60dd2fd1,f36a8af559381a5e
2add6b5e60dd2fd0,250cbf282e336245
2add6b5e60dd2fbf,b253808114f1c7a1
2add6b5e60dd2fbe,a27d77ce31d843cd
2add6b5e60dd2fbd,4fd8e5e535ec56a4
2add6b5e60dd2fbc,5feb5afd72ba466c
2add6b5e60dd2fbb,89f627ee5617a430
2add6b5e60dd2fba,d776b9af6ce6b647
2add6b5e60dd2fb9,97f3b1d06fada5f1
2add6b5e60dd2fb8,a3f8fef956bdb68a
2add6b5e60dd2fb7,7726d096b4e07d72
2add6b5e60dd2fb6,c35f764244a2eb08
2add6b5e60dd2fb5,a93269fffb8856b9
2add6b5e60dd2fb4,457ef2a42f1ecff6
2add6b5e60dd2fb3,cd966c3ad1fe45a5
2add6b5e60dd2fb2,07801fee41d02e9c
2add6b5e60dd2fb1,d523c3926c8ccf18
2add6b5e60dd2fb0,5a51ca1776691197
2add6b5e60dd2fbf,b253808114f1c7a1
2add6b5e60dd2fbe,a27d77ce31d843cd
2add6b5e60dd2fbd,4fd8e5e535ec56a4
2add6b5e60dd2fbc,5feb5afd72ba466c
2add6b5e60dd2fbb,89f627ee5617a430
2add6b5e60dd2fba,d776b9af6ce6b647
2add6b5e60dd2fb9,97f3b1d06fada5f1
2add6b5e60dd2fb8,a3f8fef956bdb68a
2add6b5e60dd2fb7,7726d096b4e07d72
2add6b5e60dd2fb6,c35f764244a2eb08
2add6b5e60dd2fb5,a93269fffb8856b9
2add6b5e60dd2fb4,457ef2a42f1ecff6
2add6b5e60dd2fb3,cd966c3ad1fe45a5
2add6b5e60dd2fb2,07801fee41d02e9c
2add6b5e60dd2fb1,d523c3926c8ccf18
2add6b5e60dd2fb0,5a51ca1776691197
2add6b5e60dd2f9f,840782d63929b650
2add6b5e60dd2f9e,96fb96b0eb195c14
2add6b5e60dd2f9d,153ba2d3739e4c19
2add6b5e60dd2f9c,0034ab0dda6c2c92
2add6b5e60dd2f9b,d987d0f6056e5cd5
2add6b5e60dd2f9a,e1d9eaa1abd20205
2add6b5e60dd2f99,8c18a4d6f90a2ad6
2add6b5e60dd2f98,c318aaa9639051b3
2add6b5e60dd2f97,e4eece0cba323645
2add6b5e60dd2f96,84bcd69f5480f240
2add6b5e60dd2f95,03e82776fea3fe00
2add6b5e60dd2f94,b50e4ac65639704c
2add6b5e60dd2f93,ad0802f0505a2ef7
2add6b5e60dd2f92,e1483823b4337e3a
2add6b5e60dd2f91,6717d2872c50315f
2add6b5e60dd2f90,b2552a22dd172a23
2add6b5e60dd2f9f,840782d63929b650
2add6b5e60dd2f9e,96fb96b0eb195c14
2add6b5e60dd2f9d,153ba2d3739e4c19
2add6b5e60dd2f9c,0034ab0dda6c2c92
2add6b5e60dd2f9b,d987d0f6056e5cd5
2add6b5e60dd2f9a,e1d9eaa1abd20205
2add6b5e60dd2f99,8c18a4d6f90a2ad6
2add6b5e60dd2f98,c318aaa9639051b3
2add6b5e60dd2f97,e4eece0cba323645
2add6b5e60dd2f96,84bcd69f5480f240
2add6b5e60dd2f95,03e82776fea3fe00
2add6b5e60dd2f94,b50e4ac65639704c
2add6b5e60dd2f93,ad0802f0505a2ef7
2add6b5e60dd2f92,e1483823b4337e3a
2add6b5e60dd2f91,6717d2872c50315f
2add6b5e60dd2f90,b2552a22dd172a23
2add6b5e60dd2f7f,862f0799b70eafa1
2add6b5e60dd2f7e,e031db345969e37b
2add6b5e60dd2f7d,7c663f0886f9a285
2add6b5e60dd2f7c,17ac8f377d316c83
2add6b5e60dd2f7b,71604d4d84d86a62
2add6b5e60dd2f7a,3812ea850358af5e
2add6b5e60dd2f79,75b21dd62c9396c7
2add6b5e60dd2f78,5239fbcf78f1c051
2add6b5e60dd2f77,d8d7fc77aa37ab61
2add6b5e60dd2f76,708407a885ff88cc
2add6b5e60dd2f75,08b9e69c61ded3d1
2add6b5e60dd2f74,f9699f093025c135
2add6b5e60dd2f73,0f5fbcfd553bf660
2add6b5e60dd2f72,092ddd48acfb2941
2add6b5e60dd2f71,6c17d4271c65f626
2add6b5e60dd2f70,0235dc946dcf87f7
2add6b5e60dd2f7f,862f0799b70eafa1
2add6b5e60dd2f7e,e031db345969e37b
2add6b5e60dd2f7d,7c663f0886f9a285
2add6b5e60dd2f7c,17ac8f377d316c83
2add6b5e60dd2f7b,71604d4d84d86a62
2add6b5e60dd2f7a,3812ea850358af5e
2add6b5e60dd2f79,75b21dd62c9396c7
2add6b5e60dd2f78,5239fbcf78f1c051
2add6b5e60dd2f77,d8d7fc77aa37ab61
2add6b5e60dd2f76,708407a885ff88cc
2add6b5e60dd2f75,08b9e69c61ded3d1
2add6b5e60dd2f74,f9699f093025c135
2add6b5e60dd2f73,0f5fbcfd553bf660
2add6b5e60dd2f72,092ddd48acfb2941
2add6b5e60dd2f71,6c17d4271c65f626
2add6b5e60dd2f70,0235dc946dcf87f7
2add6b5e60dd2f5f,f64973d3f47845f8
2add6b5e60dd2f5e,c5bcbb5d27a58ba1
2add6b5e60dd2f5d,ae9aee08a89ffbd4
2add6b5e60dd2f5c,0b0891a98e9c03d1
2add6b5e60dd2f5b,30804cda79435f42
2add6b5e60dd2f5a,6b0a20779f8a3e0d
2add6b5e60dd2f59,c565fc2de4a07077
2add6b5e60dd2f58,bb5f5a0a35b8743a
2add6b5e60dd2f57,a642489752f5c9c9
2add6b5e60dd2f56,b1c4be6a88492739
2add6b5e60dd2f55,a750408b1c2dcf2b
2add6b5e60dd2f54,a2bc3969d7fef528
2add6b5e60dd2f53,882d4c45dc72f5a0
2add6b5e60dd2f52,8ff00a2008e196b4
2add6b5e60dd2f51,e52ac7ce2336c759
2add6b5e60dd2f50,3f9f9c461fcccbba
2add6b5e60dd2f5f,f64973d3f47845f8
2add6b5e60dd2f5e,c5bcbb5d27a58ba1
2add6b5e60dd2f5d,ae9aee08a89ffbd4
2add6b5e60dd2f5c,0b0891a98e9c03d1
2add6b5e60dd2f5b,30804cda79435f42
2add6b5e60dd2f5a,6b0a20779f8a3e0d
2add6b5e60dd2f59,c565fc2de4a07077
2add6b5e60dd2f58,bb5f5a0a35b8743a
2add6b5e60dd2f57,a642489752f5c9c9
2add6b5e60dd2f56,b1c4be6a88492739
2add6b5e60dd2f55,a750408b1c2dcf2b
2add6b5e60dd2f54,a2bc3969d7fef528
2add6b5e60dd2f53,882d4c45dc72f5a0
2add6b5e60dd2f52,8ff00a2008e196b4
2add6b5e60dd2f51,e52ac7ce2336c759
2add6b5e60dd2f50,3f9f9c461fcccbba
2add6b5e60dd2f3f,08747551e3b4f939
2add6b5e60dd2f3e,f33435068bed0214
2add6b5e60dd2f3d,11283f77191cdb9c
2add6b5e60dd2f3c,d11861d424ba0ec3
2add6b5e60dd2f3b,cb3dcc0e1279d573
2add6b5e60dd2f3a,155714506ff786cf
2add6b5e60dd2f39,4fbef21567b4e5fe
2add6b5e60dd2f38,00721ed05481bae2
2add6b5e60dd2f37,f0d30f129414b0c4
2add6b5e60dd2f36,158fa3b2295406be
2add6b5e60dd2f35,9c9ad60f44c62b64
2add6b5e60dd2f34,341c70a91626df1d
2add6b5e60dd2f33,8450b2efea6a3ee8
2add6b5e60dd2f32,a4412ea9f0e55583
2add6b5e60dd2f31,c6da372ba30f8833
2add6b5e60dd2f30,1d0c14fff6b1c3de
2add6b5e60dd2f3f,08747551e3b4f939
2add6b5e60dd2f3e,f33435068bed0214
2add6b5e60dd2f3d,11283f77191cdb9c
2add6b5e60dd2f3c,d11861d424ba0ec3
2add6b5e60dd2f3b,cb3dcc0e1279d573
2add6b5e60dd2f3a,155714506ff786cf
2add6b5e60dd2f39,4fbef21567b4e5fe
2add6b5e60dd2f38,00721ed05481bae2
2add6b5e60dd2f37,f0d30f129414b0c4
2add6b5e60dd2f36,158fa3b2295406be
2add6b5e60dd2f35,9c9ad60f44c62b64
2add6b5e60dd2f34,341c70a91626df1d
2add6b5e60dd2f33,8450b2efea6a3ee8
2add6b5e60dd2f32,a4412ea9f0e55583
2add6b5e60dd2f31,c6da372ba30f8833
2add6b5e60dd2f30,1d0c14fff6b1c3de
2add6b5e60dd2f1f,2b8ed4147b89eefc
2add6b5e60dd2f1e,76c8c9814231e2d2
2add6b5e60dd2f1d,00a03dc5e1e01e85
2add6b5e60dd2f1c,b0354769ac6a0d65
2add6b5e60dd2f1b,5e43f920c9697f1b
2add6b5e60dd2f1a,c2b8cefeca0a92c1
2add6b5e60dd2f19,91b59a56bc074031
2add6b5e60dd2f18,99254c5e47970671
2add6b5e60dd2f17,7e736d865b95f082
2add6b5e60dd2f16,70d07d278cc37460
2add6b5e60dd2f15,81233922bf399204
2add6b5e60dd2f14,ab44492a18003f40
2add6b5e60dd2f13,ab0763a81f0fd16a
2add6b5e60dd2f12,867a836fda096a3b
2add6b5e60dd2f11,1bbb472969a8b609
2add6b5e60dd2f10,9774e0c0f74c219d
2add6b5e60dd2f1f,2b8ed4147b89eefc
2add6b5e60dd2f1e,76c8c9814231e2d2
2add6b5e60dd2f1d,00a03dc5e1e01e85
2add6b5e60dd2f1c,b0354769ac6a0d65
2add6b5e60dd2f1b,5e43f920c9697f1b
2add6b5e60dd2f1a,c2b8cefeca0a92c1
2add6b5e60dd2f19,91b59a56bc074031
2add6b5e60dd2f18,99254c5e47970671
2add6b5e60dd2f17,7e736d865b95f082
2add6b5e60dd2f16,70d07d278cc37460
2add6b5e60dd2f15,81233922bf399204
2add6b5e60dd2f14,ab44492a18003f40
2add6b5e60dd2f13,ab0763a81f0fd16a
2add6b5e60dd2f12,867a836fda096a3b
2add6b5e60dd2f11,1bbb472969a8b609
2add6b5e60dd2f10,9774e0c0f74c219d
2add6b5e60dd2eff,d32b5785b51145a6
2add6b5e60dd2efe,730ccbf040dd66a5
2add6b5e60dd2efd,9cbfbb6bdd881204
2add6b5e60dd2efc,b70267a82023f165
2add6b5e60dd2efb,1dc6842fb4760c70
2add6b5e60dd2efa,2f14d774abd28f92
2add6b5e60dd2ef9,e75b9f5a8c23379f
2add6b5e60dd2ef8,3420f28b53c71d96
2add6b5e60dd2ef7,f85d01c541034683
2add6b5e60dd2ef6,d8fe8edb493dc76d
2add6b5e60dd2ef5,6474cc26ae86f2c5
2add6b5e60dd2ef4,c01f7cdf813df4d8
2add6b5e60dd2ef3,26f571dd6d73a632
2add6b5e60dd2ef2,163dd44dc664863e
2add6b5e60dd2ef1,c07b4798760f2e07
2add6b5e60dd2ef0,a75c15d8ecd170aa
2add6b5e60dd2eff,d32b5785b51145a6
2add6b5e60dd2efe,730ccbf040dd66a5
2add6b5e60dd2efd,9cbfbb6bdd881204
2add6b5e60dd2efc,b70267a82023f165
2add6b5e60dd2efb,1dc6842fb4760c70
2add6b5e60dd2efa,2f14d774abd28f92
2add6b5e60dd2ef9,e75b9f5a8c23379f
2add6b5e60dd2ef8,3420f28b53c71d96
2add6b5e60dd2ef7,f85d01c541034683
2add6b5e60dd2ef6,d8fe8edb493dc76d
2add6b5e60dd2ef5,6474cc26ae86f2c5
2add6b5e60dd2ef4,c01f7cdf813df4d8
2add6b5e60dd2ef3,26f571dd6d73a632
2add6b5e60dd2ef2,163dd44dc664863e
2add6b5e60dd2ef1,c07b4798760f2e07
2add6b5e60dd2ef0,a75c15d8ecd170aa
2add6b5e60dd2edf,b2d411a8e9f41310
2add6b5e60dd2ede,35f17360eee4282d
2add6b5e60dd2edd,264f3a0947d57f66
2add6b5e60dd2edc,f80be9fdd24da47a
2add6b5e60dd2edb,ca93651c3cb1968f
2add6b5e60dd2eda,1603b2c49f1982cf
2add6b5e60dd2ed9,313aed060818eedb
2add6b5e60dd2ed8,259917a490364a53
2add6b5e60dd2ed7,af29dfb2d99443e8
2add6b5e60dd2ed6,e1b233224eda82c2
2add6b5e60dd2ed5,83df675e3349d801
2add6b5e60dd2ed4,f6ec8d2c74573ab8
2add6b5e60dd2ed3,484764dcdf473309
2add6b5e60dd2ed2,0b6cbc4a859968b5
2add6b5e60dd2ed1,d7e09d8ff43f142f
2add6b5e60dd2ed0,71a406a1e61d0a68
2add6b5e60dd2edf,b2d411a8e9f41310
2add6b5e60dd2ede,35f17360eee4282d
2add6b5e60dd2edd,264f3a0947d57f66
2add6b5e60dd2edc,f80be9fdd24da47a
2add6b5e60dd2edb,ca93651c3cb1968f
2add6b5e60dd2eda,1603b2c49f1982cf
2add6b5e60dd2ed9,313aed060818eedb
2add6b5e60dd2ed8,259917a490364a53
2add6b5e60dd2ed7,af29dfb2d99443e8
2add6b5e60dd2ed6,e1b233224eda82c2
2add6b5e60dd2ed5,83df675e3349d801
2add6b5e60dd2ed4,f6ec8d2c74573ab8
2add6b5e60dd2ed3,484764dcdf473309
2add6b5e60dd2ed2,0b6cbc4a859968b5
2add6b5e60dd2ed1,d7e09d8ff43f142f
2add6b5e60dd2ed0,71a406a1e61d0a68
2add6b5e60dd2ebf,1f50239afd74cdd8
2add6b5e60dd2ebe,b28914fd9c76829b
2add6b5e60dd2ebd,94c53c365c90a232
2add6b5e60dd2ebc,3f9d023180a54cf6
2add6b5e60dd2ebb,70b678aefaebfe02
2add6b5e60dd2eba,620e4afb9d4e40ce
2add6b5e60dd2eb9,ae579bfa48908a71
2add6b5e60dd2eb8,75bf00d774b80552
2add6b5e60dd2eb7,228d91ca1cd56015
2add6b5e60dd2eb6,b52a5ad25a6655c8
2add6b5e60dd2eb5,7b1df0a1b300de09
2add6b5e60dd2eb4,9fbaf2128e20a701
2add6b5e60dd2eb3,3ae3492885119888
2add6b5e60dd2eb2,3e4190f3faaaeac9
2add6b5e60dd2eb1,ecebc0e4243c72f7
2add6b5e60dd2eb0,0b0aabec2b2d2bbc
2add6b5e60dd2ebf,1f50239afd74cdd8
2add6b5e60dd2ebe,b28914fd9c76829b
2add6b5e60dd2ebd,94c53c365c90a232
2add6b5e60dd2ebc,3f9d023180a54cf6
2add6b5e60dd2ebb,70b678aefaebfe02
2add6b5e60dd2eba,620e4afb9d4e40ce
2add6b5e60dd2eb9,ae579bfa48908a71
2add6b5e60dd2eb8,75bf00d774b80552
2add6b5e60dd2eb7,228d91ca1cd56015
2add6b5e60dd2eb6,b52a5ad25a6655c8
2add6b5e60dd2eb5,7b1df0a1b300de09
2add6b5e60dd2eb4,9fbaf2128e20a701
2add6b5e60dd2eb3,3ae3492885119888
2add6b5e60dd2eb2,3e4190f3faaaeac9
2add6b5e60dd2eb1,ecebc0e4243c72f7
2add6b5e60dd2eb0,0b0aabec2b2d2bbc
2add6b5e60dd2e9f,1a318a535f26a6e4
2add6b5e60dd2e9e,2ebbf5cdf716e5c5
2add6b5e60dd2e9d,36b49fe98339861b
2add6b5e60dd2e9c,d114be4133fca93a
2add6b5e60dd2e9b,fd6c1a546459c318
2add6b5e60dd2e9a,96fbc3f9e395bcb7
2add6b5e60dd2e99,b37d862f2399b08a
2add6b5e60dd2e98,3106152fd51ce2c5
2add6b5e60dd2e97,293afa9bee7cdc3b
2add6b5e60dd2e96,b92006a7138ffcde
2add6b5e60dd2e95,29390216758a6535
2add6b5e60dd2e94,8d02705707827e71
2add6b5e60dd2e93,ccc3aa32a30589ea
2add6b5e60dd2e92,92d8185582287e4e
2add6b5e60dd2e91,38b1124b8cfc59ec
2add6b5e60dd2e90,9bd28210c282012e
2add6b5e60dd2e9f,1a318a535f26a6e4
2add6b5e60dd2e9e,2ebbf5cdf716e5c5
2add6b5e60dd2e9d,36b49fe98339861b
2add6b5e60dd2e9c,d114be4133fca93a
2add6b5e60dd2e9b,fd6c1a546459c318
2add6b5e60dd2e9a,96fbc3f9e395bcb7
2add6b5e60dd2e99,b37d862f2399b08a
2add6b5e60dd2e98,3106152fd51ce2c5
2add6b5e60dd2e97,293afa9bee7cdc3b
2add6b5e60dd2e96,b92006a7138ffcde
2add6b5e60dd2e95,29390216758a6535
2add6b5e60dd2e94,8d02705707827e71
2add6b5e60dd2e93,ccc3aa32a30589ea
2add6b5e60dd2e92,92d8185582287e4e
2add6b5e60dd2e91,38b1124b8cfc59ec
2add6b5e60dd2e90,9bd28210c282012e
2add6b5e60dd2e7f,a04bcaf89ad4f12a
2add6b5e60dd2e7e,45a94277366b84d3
2add6b5e60dd2e7d,90436b85e4c1c855
2add6b5e60dd2e7c,625bcd6387156410
2add6b5e60dd2e7b,f761db97a72fd2f1
2add6b5e60dd2e7a,159bc422ac0d6435
2add6b5e60dd2e79,8cecd931ab8a1def
2add6b5e60dd2e78,cb57c7a58d610ccd
2add6b5e60dd2e77,017088e402a708d3
2add6b5e60dd2e76,5541f99958d4713a
2add6b5e60dd2e75,11c7e2c316efd9ce
2add6b5e60dd2e74,9c44e5db22b916e1
2add6b5e60dd2e73,0d5e6c01e5bf8729
2add6b5e60dd2e72,5844bca87cb1a09a
2add6b5e60dd2e71,c5dfc26780bf0f36
2add6b5e60dd2e70,68b72efba1fbec04
2add6b5e60dd2e7f,a04bcaf89ad4f12a
2add6b5e60dd2e7e,45a94277366b84d3
2add6b5e60dd2e7d,90436b85e4c1c855
2add6b5e60dd2e7c,625bcd6387156410
2add6b5e60dd2e7b,f761db97a72fd2f1
2add6b5e60dd2e7a,159bc422ac0d6435
2add6b5e60dd2e79,8cecd931ab8a1def
2add6b5e60dd2e78,cb57c7a58d610ccd
2add6b5e60dd2e77,017088e402a708d3
2add6b5e60dd2e76,5541f99958d4713a
2add6b5e60dd2e75,11c7e2c316efd9ce
2add6b5e60dd2e74,9c44e5db22b916e1
2add6b5e60dd2e73,0d5e6c01e5bf8729
2add6b5e60dd2e72,5844bca87cb1a09a
2add6b5e60dd2e71,c5dfc26780bf0f36
2add6b5e60dd2e70,68b72efba1fbec04
2add6b5e60dd2e5f,ae081b5b800557a6
2add6b5e60dd2e5e,f598366a8582d1fd
2add6b5e60dd2e5d,22651df231244b76
2add6b5e60dd2e5c,7bfc9350b0ae180f
2add6b5e60dd2e5b,1e7bef8046eef419
2add6b5e60dd2e5a,6c9600d0678a2989
2add6b5e60dd2e59,0bd78f313c76713e
2add6b5e60dd2e58,3f0e395964f0e122
2add6b5e60dd2e57,7560c3c74b62803c
2add6b5e60dd2e56,c991c3d9ab03daeb
2add6b5e60dd2e55,869fe2db3f59b609
2add6b5e60dd2e54,568a8b3eb9cb2b8d
2add6b5e60dd2e53,076f079b22ea3f72
2add6b5e60dd2e52,ce59118d778fe4ff
2add6b5e60dd2e51,82853119ecc17e6e
2add6b5e60dd2e50,5159006c81abe01f
2add6b5e60dd2e5f,ae081b5b800557a6
2add6b5e60dd2e5e,f598366a8582d1fd
2add6b5e60dd2e5d,22651df231244b76
2add6b5e60dd2e5c,7bfc9350b0ae180f
2add6b5e60dd2e5b,1e7bef8046eef419
2add6b5e60dd2e5a,6c9600d0678a2989
2add6b5e60dd2e59,0bd78f313c76713e
2add6b5e60dd2e58,3f0e395964f0e122
2add6b5e60dd2e57,7560c3c74b62803c
2add6b5e60dd2e56,c991c3d9ab03daeb
2add6b5e60dd2e55,869fe2db3f59b609
2add6b5e60dd2e54,568a8b3eb9cb2b8d
2add6b5e60dd2e53,076f079b22ea3f72
2add6b5e60dd2e52,ce59118d778fe4ff
2add6b5e60dd2e51,82853119ecc17e6e
2add6b5e60dd2e50,5159006c81abe01f
2add6b5e60dd2e3f,918ad942fab0f3db
2add6b5e60dd2e3e,a7bd40b4bfec7b71
2add6b5e60dd2e3d,d539ea7d63a69a83
2add6b5e60dd2e3c,d8ced10b5adf3c53
2add6b5e60dd2e3b,1967e0ca5100d520
2add6b5e60dd2e3a,f7b9b8344d276733
2add6b5e60dd2e39,cc7c47d4a6c2493e
2add6b5e60dd2e38,216d84599b24e63a
2add6b5e60dd2e37,37bdf3a666510c44
2add6b5e60dd2e36,189277c89edc3570
2add6b5e60dd2e35,ba1855778e14337b
2add6b5e60dd2e34,a2b5d41c4a02ed82
2add6b5e60dd2e33,2126264d93b29f40
2add6b5e60dd2e32,484cfe744fc0cad4
2add6b5e60dd2e31,8ce0aa61a197dd37
2add6b5e60dd2e30,4a2a882ad89624c9
2add6b5e60dd2e3f,918ad942fab0f3db
2add6b5e60dd2e3e,a7bd40b4bfec7b71
2add6b5e60dd2e3d,d539ea7d63a69a83
2add6b5e60dd2e3c,d8ced10b5adf3c53
2add6b5e60dd2e3b,1967e0ca5100d520
2add6b5e60dd2e3a,f7b9b8344d276733
2add6b5e60dd2e39,cc7c47d4a6c2493e
2add6b5e60dd2e38,216d84599b24e63a
2add6b5e60dd2e37,37bdf3a666510c44
2add6b5e60dd2e36,189277c89edc3570
2add6b5e60dd2e35,ba1855778e14337b
2add6b5e60dd2e34,a2b5d41c4a02ed82
2add6b5e60dd2e33,2126264d93b29f40
2add6b5e60dd2e32,484cfe744fc0cad4
2add6b5e60dd2e31,8ce0aa61a197dd37
2add6b5e60dd2e30,4a2a882ad89624c9
2add6b5e60dd2e1f,23393c83a7169ef5
2add6b5e60dd2e1e,a9f061460df5f464
2add6b5e60dd2e1d,aa2e35a33cce6f41
2add6b5e60dd2e1c,9bcd9c08431efe99
2add6b5e60dd2e1b,8fbbb67f043f9444
2add6b5e60dd2e1a,92621432c7789088
2add6b5e60dd2e19,546ecb56fcf4fb07
2add6b5e60dd2e18,f1d25e693b5e396a
2add6b5e60dd2e17,a49f23f4143de603
2add6b5e60dd2e16,062a74277994241b
2add6b5e60dd2e15,1f0984beef5b37be
2add6b5e60dd2e14,32f70552c4e66d49
2add6b5e60dd2e13,90aa19982ac40d40
2add6b5e60dd2e12,f164b2368b5420a2
2add6b5e60dd2e11,7bfc72dc2a9cb072
2add6b5e60dd2e10,aa11d5a4a156fbfa
2add6b5e60dd2e1f,23393c83a7169ef5
2add6b5e60dd2e1e,a9f061460df5f464
2add6b5e60dd2e1d,aa2e35a33cce6f41
2add6b5e60dd2e1c,9bcd9c08431efe99
2add6b5e60dd2e1b,8fbbb67f043f9444
2add6b5e60dd2e1a,92621432c7789088
2add6b5e60dd2e19,546ecb56fcf4fb07
2add6b5e60dd2e18,f1d25e693b5e396a
2add6b5e60dd2e17,a49f23f4143de603
2add6b5e60dd2e16,062a74277994241b
2add6b5e60dd2e15,1f0984beef5b37be
2add6b5e60dd2e14,32f70552c4e66d49
2add6b5e60dd2e13,90aa19982ac40d40
2add6b5e60dd2e12,f164b2368b5420a2
2add6b5e60dd2e11,7bfc72dc2a9cb072
2add6b5e60dd2e10,aa11d5a4a156fbfa
2add6b5e60dd2fff,6ea8dfe9871b0c5f
2add6b5e60dd2ffe,0ab5120b48e4ac39
2add6b5e60dd2ffd,f528b48cf5a883e5
2add6b5e60dd2ffc,980f77ad21443cda
2add6b5e60dd2ffb,63be3e9a480962a0
2add6b5e60dd2ffa,3d31d9d0a20e2b4e
2add6b5e60dd2ff9,ddec61609c4072b9
2add6b5e60dd2ff8,bd7c8f11364aed3c
2add6b5e60dd2ff7,d2c7707b63af7193
2add6b5e60dd2ff6,cfd1e71c5fb0e3a0
2add6b5e60dd2ff5,8f8ac39ea69b5526
2add6b5e60dd2ff4,9a7a8fbc4237351e
2add6b5e60dd2ff3,9adb2a5781823d19
2add6b5e60dd2ff2,87e76365e5572f20
2add6b5e60dd2ff1,31adf87b09effd95
2add6b5e60dd2ff0,b20d0f0ad621521d
2add6b5e60dd2fff,6ea8dfe9871b0c5f
2add6b5e60dd2ffe,0ab5120b48e4ac39
2add6b5e60dd2ffd,f528b48cf5a883e5
2add6b5e60dd2ffc,980f77ad21443cda
2add6b5e60dd2ffb,63be3e9a480962a0
2add6b5e60dd2ffa,3d31d9d0a20e2b4e
2add6b5e60dd2ff9,ddec61609c4072b9
2add6b5e60dd2ff8,bd7c8f11364aed3c
2add6b5e60dd2ff7,d2c7707b63af7193
2add6b5e60dd2ff6,cfd1e71c5fb0e3a0
2add6b5e60dd2ff5,8f8ac39ea69b5526
2add6b5e60dd2ff4,9a7a8fbc4237351e
2add6b5e60dd2ff3,9adb2a5781823d19
2add6b5e60dd2ff2,87e76365e5572f20
2add6b5e60dd2ff1,31adf87b09effd95
2add6b5e60dd2ff0,b20d0f0ad621521d
2add6b5e60dd2fdf,7c7e941e48f18f12
2add6b5e60dd2fde,ef35975cf8f2ac89
2add6b5e60dd2fdd,c9f9b5ab4fefdd76
2add6b5e60dd2fdc,c7329da9c8a2b33a
2add6b5e60dd2fdb,bc28313755cd6b39
2add6b5e60dd2fda,24a9397b820e2060
2add6b5e60dd2fd9,be9ef3badf82cdf4
2add6b5e60dd2fd8,37c1d93b245c1f4f
2add6b5e60dd2fd7,ae6002a637ec0394
2add6b5e60dd2fd6,f68db880a908fcc3
2add6b5e60dd2fd5,ff43df4212c8f18c
2add6b5e60dd2fd4,5e612e20b7da04ee
2add6b5e60dd2fd3,ef35b9a1d36a987f
2add6b5e60dd2fd2,912a30eb7046c500
2add6b5e60dd2fd1,f36a8af559381a5e
2add6b5e60dd2fd0,250cbf282e336245
2add6b5e60dd2fdf,7c7e941e48f18f12
2add6b5e60dd2fde,ef35975cf8f2ac89
2add6b5e60dd2fdd,c9f9b5ab4fefdd76
2add6b5e60dd2fdc,c7329da9c8a2b33a
2add6b5e60dd2fdb,bc28313755cd6b39
2add6b5e60dd2fda,24a9397b820e2060
2add6b5e60dd2fd9,be9ef3badf82cdf4
2add6b5e60dd2fd8,37c1d93b245c1f4f
2add6b5e60dd2fd7,ae6002a637ec0394
2add6b5e60dd2fd6,f68db880a908fcc3
2add6b5e60dd2fd5,ff43df4212c8f18c
2add6b5e60dd2fd4,5e612e20b7da04ee
2add6b5e60dd2fd3,ef35b9a1d36a987f
2add6b5e60dd2fd2,912a30eb7046c500
2add6b5e60dd2fd1,f36a8af559381a5e
2add6b5e60dd2fd0,250cbf282e336245
2add6b5e60dd2fbf,b253808114f1c7a1
2add6b5e60dd2fbe,a27d77ce31d843cd
2add6b5e60dd2fbd,4fd8e5e535ec56a4
2add6b5e60dd2fbc,5feb5afd72ba466c
2add6b5e60dd2fbb,89f627ee5617a430
2add6b5e60dd2fba,d776b9af6ce6b647
2add6b5e60dd2fb9,97f3b1d06fada5f1
2add6b5e60dd2fb8,a3f8fef956bdb68a
2add6b5e60dd2fb7,7726d096b4e07d72
2add6b5e60dd2fb6,c35f764244a2eb08
2add6b5e60dd2fb5,a93269fffb8856b9
2add6b5e60dd2fb4,457ef2a42f1ecff6
2add6b5e60dd2fb3,cd966c3ad1fe45a5
2add6b5e60dd2fb2,07801fee41d02e9c
2add6b5e60dd2fb1,d523c3926c8ccf18
2add6b5e60dd2fb0,5a51ca1776691197
2add6b5e60dd2fbf,b253808114f1c7a1
2add6b5e60dd2fbe,a27d77ce31d843cd
2add6b5e60dd2fbd,4fd8e5e535ec56a4
2add6b5e60dd2fbc,5feb5afd72ba466c
2add6b5e60dd2fbb,89f627ee5617a430
2add6b5e60dd2fba,d776b9af6ce6b647
2add6b5e60dd2fb9,97f3b1d06fada5f1
2add6b5e60dd2fb8,a3f8fef956bdb68a
2add6b5e60dd2fb7,7726d096b4e07d72
2add6b5e60dd2fb6,c35f764244a2eb08
2add6b5e60dd2fb5,a93269fffb8856b9
2add6b5e60dd2fb4,457ef2a42f1ecff6
2add6b5e60dd2fb3,cd966c3ad1fe45a5
2add6b5e60dd2fb2,07801fee41d02e9c
2add6b5e60dd2fb1,d523c3926c8ccf18
2add6b5e60dd2fb0,5a51ca1776691197
2add6b5e60dd2f9f,840782d63929b650
2add6b5e60dd2f9e,96fb96b0eb195c14
2add6b5e60dd2f9d,153ba2d3739e4c19
2add6b5e60dd2f9c,0034ab0dda6c2c92
2add6b5e60dd2f9b,d987d0f6056e5cd5
2add6b5e60dd2f9a,e1d9eaa1abd20205
2add6b5e60dd2f99,8c18a4d6f90a2ad6
2add6b5e60dd2f98,c318aaa9639051b3
2add6b5e60dd2f97,e4eece0cba323645
2add6b5e60dd2f96,84bcd69f5480f240
2add6b5e60dd2f95,03e82776fea3fe00
2add6b5e60dd2f94,b50e4ac65639704c
2add6b5e60dd2f93,ad0802f0505a2ef7
2add6b5e60dd2f92,e1483823b4337e3a
2add6b5e60dd2f91,6717d2872c50315f
2add6b5e60dd2f90,b2552a22dd172a23
2add6b5e60dd2f9f,840782d63929b650
2add6b5e60dd2f9e,96fb96b0eb195c14
2add6b5e60dd2f9d,153ba2d3739e4c19
2add6b5e60dd2f9c,0034ab0dda6c2c92
2add6b5e60dd2f9b,d987d0f6056e5cd5
2add6b5e60dd2f9a,e1d9eaa1abd20205
2add6b5e60dd2f99,8c18a4d6f90a2ad6
2add6b5e60dd2f98,c318aaa9639051b3
2add6b5e60dd2f97,e4eece0cba323645
2add6b5e60dd2f96,84bcd69f5480f240
2add6b5e60dd2f95,03e82776fea3fe00
2add6b5e60dd2f94,b50e4ac65639704c
2add6b5e60dd2f93,ad0802f0505a2ef7
2add6b5e60dd2f92,e1483823b4337e3a
2add6b5e60dd2f91,6717d2872c50315f
2add6b5e60dd2f90,b2552a22dd172a23
2add6b5e60dd2f7f,862f0799b70eafa1
2add6b5e60dd2f7e,e031db345969e37b
2add6b5e60dd2f7d,7c663f0886f9a285
2add6b5e60dd2f7c,17ac8f377d316c83
2add6b5e60dd2f7b,71604d4d84d86a62
2add6b5e60dd2f7a,3812ea850358af5e
2add6b5e60dd2f79,75b21dd62c9396c7
2add6b5e60dd2f78,5239fbcf78f1c051
2add6b5e60dd2f77,d8d7fc77aa37ab61
2add6b5e60dd2f76,708407a885ff88cc
2add6b5e60dd2f75,08b9e69c61ded3d1
2add6b5e60dd2f74,f9699f093025c135
2add6b5e60dd2f73,0f5fbcfd553bf660
2add6b5e60dd2f72,092ddd48acfb2941
2add6b5e60dd2f71,6c17d4271c65f626
2add6b5e60dd2f70,0235dc946dcf87f7
2add6b5e60dd2f7f,862f0799b70eafa1
2add6b5e60dd2f7e,e031db345969e37b
2add6b5e60dd2f7d,7c663f0886f9a285
2add6b5e60dd2f7c,17ac8f377d316c83
2add6b5e60dd2f7b,71604d4d84d86a62
2add6b5e60dd2f7a,3812ea850358af5e
2add6b5e60dd2f79,75b21dd62c9396c7
2add6b5e60dd2f78,5239fbcf78f1c051
2add6b5e60dd2f77,d8d7fc77aa37ab61
2add6b5e60dd2f76,708407a885ff88cc
2add6b5e60dd2f75,08b9e69c61ded3d1
2add6b5e60dd2f74,f9699f093025c135
2add6b5e60dd2f73,0f5fbcfd553bf660
2add6b5e60dd2f72,092ddd48acfb2941
2add6b5e60dd2f71,6c17d4271c65f626
2add6b5e60dd2f70,0235dc946dcf87f7
2add6b5e60dd2f5f,f64973d3f47845f8
2add6b5e60dd2f5e,c5bcbb5d27a58ba1
2add6b5e60dd2f5d,ae9aee08a89ffbd4
2add6b5e60dd2f5c,0b0891a98e9c03d1
2add6b5e60dd2f5b,30804cda79435f42
2add6b5e60dd2f5a,6b0a20779f8a3e0d
2add6b5e60dd2f59,c565fc2de4a07077
2add6b5e60dd2f58,bb5f5a0a35b8743a
2add6b5e60dd2f57,a642489752f5c9c9
2add6b5e60dd2f56,b1c4be6a88492739
2add6b5e60dd2f55,a750408b1c2dcf2b
2add6b5e60dd2f54,a2bc3969d7fef528
2add6b5e60dd2f53,882d4c45dc72f5a0
2add6b5e60dd2f52,8ff00a2008e196b4
2add6b5e60dd2f51,e52ac7ce2336c759
2add6b5e60dd2f50,3f9f9c461fcccbba
2add6b5e60dd2f5f,f64973d3f47845f8
2add6b5e60dd2f5e,c5bcbb5d27a58ba1
2add6b5e60dd2f5d,ae9aee08a89ffbd4
2add6b5e60dd2f5c,0b0891a98e9c03d1
2add6b5e60dd2f5b,30804cda79435f42
2add6b5e60dd2f5a,6b0a20779f8a3e0d
2add6b5e60dd2f59,c565fc2de4a07077
2add6b5e60dd2f58,bb5f5a0a35b8743a
2add6b5e60dd2f57,a642489752f5c9c9
2add6b5e60dd2f56,b1c4be6a88492739
2add6b5e60dd2f55,a750408b1c2dcf2b
2add6b5e60dd2f54,a2bc3969d7fef528
2add6b5e60dd2f53,882d4c45dc72f5a0
2add6b5e60dd2f52,8ff00a2008e196b4
2add6b5e60dd2f51,e52ac7ce2336c759
2add6b5e60dd2f50,3f9f9c461fcccbba
2add6b5e60dd2f3f,08747551e3b4f939
2add6b5e60dd2f3e,f33435068bed0214
2add6b5e60dd2f3d,11283f77191cdb9c
2add6b5e60dd2f3c,d11861d424ba0ec3
2add6b5e60dd2f3b,cb3dcc0e1279d573
2add6b5e60dd2f3a,155714506ff786cf
2add6b5e60dd2f39,4fbef21567b4e5fe
2add6b5e60dd2f38,00721ed05481bae2
2add6b5e60dd2f37,f0d30f129414b0c4
2add6b5e60dd2f36,158fa3b2295406be
2add6b5e60dd2f35,9c9ad60f44c62b64
2add6b5e60dd2f34,341c70a91626df1d
2add6b5e60dd2f33,8450b2efea6a3ee8
2add6b5e60dd2f32,a4412ea9f0e55583
2add6b5e60dd2f31,c6da372ba30f8833
2add6b5e60dd2f30,1d0c14fff6b1c3de
2add6b5e60dd2f3f,08747551e3b4f939
2add6b5e60dd2f3e,f33435068bed0214
2add6b5e60dd2f3d,11283f77191cdb9c
2add6b5e60dd2f3c,d11861d424ba0ec3
2add6b5e60dd2f3b,cb3dcc0e1279d573
2add6b5e60dd2f3a,155714506ff786cf
2add6b5e60dd2f39,4fbef21567b4e5fe
2add6b5e60dd2f38,00721ed05481bae2
2add6b5e60dd2f37,f0d30f129414b0c4
2add6b5e60dd2f36,158fa3b2295406be
2add6b5e60dd2f35,9c9ad60f44c62b64
2add6b5e60dd2f34,341c70a91626df1d
2add6b5e60dd2f33,8450b2efea6a3ee8
2add6b5e60dd2f32,a4412ea9f0e55583
2add6b5e60dd2f31,c6da372ba30f8833
2add6b5e60dd2f30,1d0c14fff6b1c3de
2add6b5e60dd2f1f,2b8ed4147b89eefc
2add6b5e60dd2f1e,76c8c9814231e2d2
2add6b5e60dd2f1d,00a03dc5e1e01e85
2add6b5e60dd2f1c,b0354769ac6a0d65
2add6b5e60dd2f1b,5e43f920c9697f1b
2add6b5e60dd2f1a,c2b8cefeca0a92c1
2add6b5e60dd2f19,91b59a56bc074031
2add6b5e60dd2f18,99254c5e47970671
2add6b5e60dd2f17,7e736d865b95f082
2add6b5e60dd2f16,70d07d278cc37460
2add6b5e60dd2f15,81233922bf399204
2add6b5e60dd2f14,ab44492a18003f40
2add6b5e60dd2f13,ab0763a81f0fd16a
2add6b5e60dd2f12,867a836fda096a3b
2add6b5e60dd2f11,1bbb472969a8b609
2add6b5e60dd2f10,9774e0c0f74c219d
2add6b5e60dd2f1f,2b8ed4147b89eefc
2add6b5e60dd2f1e,76c8c9814231e2d2
2add6b5e60dd2f1d,00a03dc5e1e01e85
2add6b5e60dd2f1c,b0354769ac6a0d65
2add6b5e60dd2f1b,5e43f920c9697f1b
2add6b5e60dd2f1a,c2b8cefeca0a92c1
2add6b5e60dd2f19,91b59a56bc074031
2add6b5e60dd2f18,99254c5e47970671
2add6b5e60dd2f17,7e736d865b95f082
2add6b5e60dd2f16,70d07d278cc37460
2add6b5e60dd2f15,81233922bf399204
2add6b5e60dd2f14,ab44492a18003f40
2add6b5e60dd2f13,ab0763a81f0fd16a
2add6b5e60dd2f12,867a836fda096a3b
2add6b5e60dd2f11,1bbb472969a8b609
2add6b5e60dd2f10,9774e0c0f74c219d
2add6b5e60dd2eff,d32b5785b51145a6
2add6b5e60dd2efe,730ccbf040dd66a5
2add6b5e60dd2efd,9cbfbb6bdd881204
2add6b5e60dd2efc,b70267a82023f165
2add6b5e60dd2efb,1dc6842fb4760c70
2add6b5e60dd2efa,2f14d774abd28f92
2add6b5e60dd2ef9,e75b9f5a8c23379f
2add6b5e60dd2ef8,3420f28b53c71d96
2add6b5e60dd2ef7,f85d01c541034683
2add6b5e60dd2ef6,d8fe8edb493dc76d
2add6b5e60dd2ef5,6474cc26ae86f2c5
2add6b5e60dd2ef4,c01f7cdf813df4d8
2add6b5e60dd2ef3,26f571dd6d73a632
2add6b5e60dd2ef2,163dd44dc664863e
2add6b5e60dd2ef1,c07b4798760f2e07
2add6b5e60dd2ef0,a75c15d8ecd170aa
2add6b5e60dd2eff,d32b5785b51145a6
2add6b5e60dd2efe,730ccbf040dd66a5
2add6b5e60dd2efd,9cbfbb6bdd881204
2add6b5e60dd2efc,b70267a82023f165
2add6b5e60dd2efb,1dc6842fb4760c70
2add6b5e60dd2efa,2f14d774abd28f92
2add6b5e60dd2ef9,e75b9f5a8c23379f
2add6b5e60dd2ef8,3420f28b53c71d96
2add6b5e60dd2ef7,f85d01c541034683
2add6b5e60dd2ef6,d8fe8edb493dc76d
2add6b5e60dd2ef5,6474cc26ae86f2c5
2add6b5e60dd2ef4,c01f7cdf813df4d8
2add6b5e60dd2ef3,26f571dd6d73a632
2add6b5e60dd2ef2,163dd44dc664863e
2add6b5e60dd2ef1,c07b4798760f2e07
2add6b5e60dd2ef0,a75c15d8ecd170aa
2add6b5e60dd2edf,b2d411a8e9f41310
2add6b5e60dd2ede,35f17360eee4282d
2add6b5e60dd2edd,264f3a0947d57f66
2add6b5e60dd2edc,f80be9fdd24da47a
2add6b5e60dd2edb,ca93651c3cb1968f
2add6b5e60dd2eda,1603b2c49f1982cf
2add6b5e60dd2ed9,313aed060818eedb
2add6b5e60dd2ed8,259917a490364a53
2add6b5e60dd2ed7,af29dfb2d99443e8
2add6b5e60dd2ed6,e1b233224eda82c2
2add6b5e60dd2ed5,83df675e3349d801
2add6b5e60dd2ed4,f6ec8d2c74573ab8
2add6b5e60dd2ed3,484764dcdf473309
2add6b5e60dd2ed2,0b6cbc4a859968b5
2add6b5e60dd2ed1,d7e09d8ff43f142f
2add6b5e60dd2ed0,71a406a1e61d0a68
2add6b5e60dd2edf,b2d411a8e9f41310
2add6b5e60dd2ede,35f17360eee4282d
2add6b5e60dd2edd,264f3a0947d57f66
2add6b5e60dd2edc,f80be9fdd24da47a
2add6b5e60dd2edb,ca93651c3cb1968f
2add6b5e60dd2eda,1603b2c49f1982cf
2add6b5e60dd2ed9,313aed060818eedb
2add6b5e60dd2ed8,259917a490364a53
2add6b5e60dd2ed7,af29dfb2d99443e8
2add6b5e60dd2ed6,e1b233224eda82c2
2add6b5e60dd2ed5,83df675e3349d801
2add6b5e60dd2ed4,f6ec8d2c74573ab8
2add6b5e60dd2ed3,484764dcdf473309
2add6b5e60dd2ed2,0b6cbc4a859968b5
2add6b5e60dd2ed1,d7e09d8ff43f142f
2add6b5e60dd2ed0,71a406a1e61d0a68
2add6b5e60dd2ebf,1f50239afd74cdd8
2add6b5e60dd2ebe,b28914fd9c76829b
2add6b5e60dd2ebd,94c53c365c90a232
2add6b5e60dd2ebc,3f9d023180a54cf6
2add6b5e60dd2ebb,70b678aefaebfe02
2add6b5e60dd2eba,620e4afb9d4e40ce
2add6b5e60dd2eb9,ae579bfa48908a71
2add6b5e60dd2eb8,75bf00d774b80552
2add6b5e60dd2eb7,228d91ca1cd56015
2add6b5e60dd2eb6,b52a5ad25a6655c8
2add6b5e60dd2eb5,7b1df0a1b300de09
2add6b5e60dd2eb4,9fbaf2128e20a701
2add6b5e60dd2eb3,3ae3492885119888
2add6b5e60dd2eb2,3e4190f3faaaeac9
2add6b5e60dd2eb1,ecebc0e4243c72f7
2add6b5e60dd2eb0,0b0aabec2b2d2bbc
2add6b5e60dd2ebf,1f50239afd74cdd8
2add6b5e60dd2ebe,b28914fd9c76829b
2add6b5e60dd2ebd,94c53c365c90a232
2add6b5e60dd2ebc,3f9d023180a54cf6
2add6b5e60dd2ebb,70b678aefaebfe02
2add6b5e60dd2eba,620e4afb9d4e40ce
2add6b5e60dd2eb9,ae579bfa48908a71
2add6b5e60dd2eb8,75bf00d774b80552
2add6b5e60dd2eb7,228d91ca1cd56015
2add6b5e60dd2eb6,b52a5ad25a6655c8
2add6b5e60dd2eb5,7b1df0a1b300de09
2add6b5e60dd2eb4,9fbaf2128e20a701
2add6b5e60dd2eb3,3ae3492885119888
2add6b5e60dd2eb2,3e4190f3faaaeac9
2add6b5e60dd2eb1,ecebc0e4243c72f7
2add6b5e60dd2eb0,0b0aabec2b2d2bbc
2add6b5e60dd2e9f,1a318a535f26a6e4
2add6b5e60dd2e9e,2ebbf5cdf716e5c5
2add6b5e60dd2e9d,36b49fe98339861b
2add6b5e60dd2e9c,d114be4133fca93a
2add6b5e60dd2e9b,fd6c1a546459c318
2add6b5e60dd2e9a,96fbc3f9e395bcb7
2add6b5e60dd2e99,b37d862f2399b08a
2add6b5e60dd2e98,3106152fd51ce2c5
2add6b5e60dd2e97,293afa9bee7cdc3b
2add6b5e60dd2e96,b92006a7138ffcde
2add6b5e60dd2e95,29390216758a6535
2add6b5e60dd2e94,8d02705707827e71
2add6b5e60dd2e93,ccc3aa32a30589ea
2add6b5e60dd2e92,92d8185582287e4e
2add6b5e60dd2e91,38b1124b8cfc59ec
2add6b5e60dd2e90,9bd28210c282012e
2add6b5e60dd2e9f,1a318a535f26a6e4
2add6b5e60dd2e9e,2ebbf5cdf716e5c5
2add6b5e60dd2e9d,36b49fe98339861b
2add6b5e60dd2e9c,d114be4133fca93a
2add6b5e60dd2e9b,fd6c1a546459c318
2add6b5e60dd2e9a,96fbc3f9e395bcb7
2add6b5e60dd2e99,b37d862f2399b08a
2add6b5e60dd2e98,3106152fd51ce2c5
2add6b5e60dd2e97,293afa9bee7cdc3b
2add6b5e60dd2e96,b92006a7138ffcde
2add6b5e60dd2e95,29390216758a6535
2add6b5e60dd2e94,8d02705707827e71
2add6b5e60dd2e93,ccc3aa32a30589ea
2add6b5e60dd2e92,92d8185582287e4e
2add6b5e60dd2e91,38b1124b8cfc59ec
2add6b5e60dd2e90,9bd28210c282012e
2add6b5e60dd2e7f,a04bcaf89ad4f12a
2add6b5e60dd2e7e,45a94277366b84d3
2add6b5e60dd2e7d,90436b85e4c1c855
2add6b5e60dd2e7c,625bcd6387156410
2add6b5e60dd2e7b,f761db97a72fd2f1
2add6b5e60dd2e7a,159bc422ac0d6435
2add6b5e60dd2e79,8cecd931ab8a1def
2add6b5e60dd2e78,cb57c7a58d610ccd
2add6b5e60dd2e77,017088e402a708d3
2add6b5e60dd2e76,5541f99958d4713a
2add6b5e60dd2e75,11c7e2c316efd9ce
2add6b5e60dd2e74,9c44e5db22b916e1
2add6b5e60dd2e73,0d5e6c01e5bf8729
2add6b5e60dd2e72,5844bca87cb1a09a
2add6b5e60dd2e71,c5dfc26780bf0f36
2add6b5e60dd2e70,68b72efba1fbec04
2add6b5e60dd2e7f,a04bcaf89ad4f12a
2add6b5e60dd2e7e,45a94277366b84d3
2add6b5e60dd2e7d,90436b85e4c1c855
2add6b5e60dd2e7c,625bcd6387156410
2add6b5e60dd2e7b,f761db97a72fd2f1
2add6b5e60dd2e7a,159bc422ac0d6435
2add6b5e60dd2e79,8cecd931ab8a1def
2add6b5e60dd2e78,cb57c7a58d610ccd
2add6b5e60dd2e77,017088e402a708d3
2add6b5e60dd2e76,5541f99958d4713a
2add6b5e60dd2e75,11c7e2c316efd9ce
2add6b5e60dd2e74,9c44e5db22b916e1
2add6b5e60dd2e73,0d5e6c01e5bf8729
2add6b5e60dd2e72,5844bca87cb1a09a
2add6b5e60dd2e71,c5dfc26780bf0f36
2add6b5e60dd2e70,68b72efba1fbec04
2add6b5e60dd2e5f,ae081b5b800557a6
2add6b5e60dd2e5e,f598366a8582d1fd
2add6b5e60dd2e5d,22651df231244b76
2add6b5e60dd2e5c,7bfc9350b0ae180f
2add6b5e60dd2e5b,1e7bef8046eef419
2add6b5e60dd2e5a,6c9600d0678a2989
2add6b5e60dd2e59,0bd78f313c76713e
2add6b5e60dd2e58,3f0e395964f0e122
2add6b5e60dd2e57,7560c3c74b62803c
2add6b5e60dd2e56,c991c3d9ab03daeb
2add6b5e60dd2e55,869fe2db3f59b609
2add6b5e60dd2e54,568a8b3eb9cb2b8d
2add6b5e60dd2e53,076f079b22ea3f72
2add6b5e60dd2e52,ce59118d778fe4ff
2add6b5e60dd2e51,82853119ecc17e6e
2add6b5e60dd2e50,5159006c81abe01f
2add6b5e60dd2e5f,ae081b5b800557a6
2add6b5e60dd2e5e,f598366a8582d1fd
2add6b5e60dd2e5d,22651df231244b76
2add6b5e60dd2e5c,7bfc9350b0ae180f
2add6b5e60dd2e5b,1e7bef8046eef419
2add6b5e60dd2e5a,6c9600d0678a2989
2add6b5e60dd2e59,0bd78f313c76713e
2add6b5e60dd2e58,3f0e395964f0e122
2add6b5e60dd2e57,7560c3c74b62803c
2add6b5e60dd2e56,c991c3d9ab03daeb
2add6b5e60dd2e55,869fe2db3f59b609
2add6b5e60dd2e54,568a8b3eb9cb2b8d
2add6b5e60dd2e53,076f079b22ea3f72
2add6b5e60dd2e52,ce59118d778fe4ff
2add6b5e60dd2e51,82853119ecc17e6e
2add6b5e60dd2e50,5159006c81abe01f
2add6b5e60dd2e3f,918ad942fab0f3db
2add6b5e60dd2e3e,a7bd40b4bfec7b71
2add6b5e60dd2e3d,d539ea7d63a69a83
2add6b5e60dd2e3c,d8ced10b5adf3c53
2add6b5e60dd2e3b,1967e0ca5100d520
2add6b5e60dd2e3a,f7b9b8344d276733
2add6b5e60dd2e39,cc7c47d4a6c2493e
2add6b5e60dd2e38,216d84599b24e63a
2add6b5e60dd2e37,37bdf3a666510c44
2add6b5e60dd2e36,189277c89edc3570
2add6b5e60dd2e35,ba1855778e14337b
2add6b5e60dd2e34,a2b5d41c4a02ed82
2add6b5e60dd2e33,2126264d93b29f40
2add6b5e60dd2e32,484cfe744fc0cad4
2add6b5e60dd2e31,8ce0aa61a197dd37
2add6b5e60dd2e30,4a2a882ad89624c9
2add6b5e60dd2e3f,918ad942fab0f3db
2add6b5e60dd2e3e,a7bd40b4bfec7b71
2add6b5e60dd2e3d,d539ea7d63a69a83
2add6b5e60dd2e3c,d8ced10b5adf3c53
2add6b5e60dd2e3b,1967e0ca5100d520
2add6b5e60dd2e3a,f7b9b8344d276733
2add6b5e60dd2e39,cc7c47d4a6c2493e
2add6b5e60dd2e38,216d84599b24e63a
2add6b5e60dd2e37,37bdf3a666510c44
2add6b5e60dd2e36,189277c89edc3570
2add6b5e60dd2e35,ba1855778e14337b
2add6b5e60dd2e34,a2b5d41c4a02ed82
2add6b5e60dd2e33,2126264d93b29f40
2add6b5e60dd2e32,484cfe744fc0cad4
2add6b5e60dd2e31,8ce0aa61a197dd37
2add6b5e60dd2e30,4a2a882ad89624c9
2add6b5e60dd2e1f,23393c83a7169ef5
2add6b5e60dd2e1e,a9f061460df5f464
2add6b5e60dd2e1d,aa2e35a33cce6f41
2add6b5e60dd2e1c,9bcd9c08431efe99
2add6b5e60dd2e1b,8fbbb67f043f9444
2add6b5e60dd2e1a,92621432c7789088
2add6b5e60dd2e19,546ecb56fcf4fb07
2add6b5e60dd2e18,f1d25e693b5e396a
2add6b5e60dd2e17,a49f23f4143de603
2add6b5e60dd2e16,062a74277994241b
2add6b5e60dd2e15,1f0984beef5b37be
2add6b5e60dd2e14,32f70552c4e66d49
2add6b5e60dd2e13,90aa19982ac40d40
2add6b5e60dd2e12,f164b2368b5420a2
2add6b5e60dd2e11,7bfc72dc2a9cb072
2add6b5e60dd2e10,aa11d5a4a156fbfa
2add6b5e60dd2e1f,23393c83a7169ef5
2add6b5e60dd2e1e,a9f061460df5f464
2add6b5e60dd2e1d,aa2e35a33cce6f41
2add6b5e60dd2e1c,9bcd9c08431efe99
2add6b5e60dd2e1b,8fbbb67f043f9444
2add6b5e60dd2e1a,92621432c7789088
2add6b5e60dd2e19,546ecb56fcf4fb07
2add6b5e60dd2e18,f1d25e693b5e396a
2add6b5e60dd2e17,a49f23f4143de603
2add6b5e60dd2e16,062a74277994241b
2add6b5e60dd2e15,1f0984beef5b37be
2add6b5e60dd2e14,32f70552c4e66d49
2add6b5e60dd2e13,90aa19982ac40d40
2add6b5e60dd2e12,f164b2368b5420a2
2add6b5e60dd2e11,7bfc72dc2a9cb072
2add6b5e60dd2e10,aa11d5a4a156fbfa
2add6b5e60dd2bff,b96a9b10f464685b
